"DateTime";"Alpi3_GlobalPower";"Alpi4_GlobalPower";"Alpi5_GlobalPower";"Alpi6_GlobalPower";"Alpi7_GlobalPower";"Alpi8_GlobalPower";"Alpi1_GlobalPower";"Alpi2_GlobalPower"
"2021-11-01 00:00:00";0;0;0;0;0;0;0;0
"2021-11-01 00:05:00";0;0;0;0;0;0;0;0
"2021-11-01 00:10:00";0;0;0;0;0;0;0;0
"2021-11-01 00:15:00";0;0;0;0;0;0;0;0
"2021-11-01 00:20:00";0;0;0;0;0;0;0;0
"2021-11-01 00:25:00";0;0;0;0;0;0;0;0
"2021-11-01 00:30:00";0;0;0;0;0;0;0;0
"2021-11-01 00:35:00";0;0;0;0;0;0;0;0
"2021-11-01 00:40:00";0;0;0;0;0;0;0;0
"2021-11-01 00:45:00";0;0;0;0;0;0;0;0
"2021-11-01 00:50:00";0;0;0;0;0;0;0;0
"2021-11-01 00:55:00";0;0;0;0;0;0;0;0
"2021-11-01 01:00:00";0;0;0;0;0;0;0;0
"2021-11-01 01:05:00";0;0;0;0;0;0;0;0
"2021-11-01 01:10:00";0;0;0;0;0;0;0;0
"2021-11-01 01:15:00";0;0;0;0;0;0;0;0
"2021-11-01 01:20:00";0;0;0;0;0;0;0;0
"2021-11-01 01:25:00";0;0;0;0;0;0;12,45;0
"2021-11-01 01:30:00";0;0;0;0;0;0;47,56;0
"2021-11-01 01:35:00";0;0;0;0;0;0;36,74;0
"2021-11-01 01:40:00";0;0;0;0;0;0;17,14;0
"2021-11-01 01:45:00";0;0;0;0;0;0;0;0
"2021-11-01 01:50:00";0;0;0;0;0;0;0;0
"2021-11-01 01:55:00";0;0;0;0;0;0;0;0
"2021-11-01 02:00:00";0;0;0;0;0;0;0;0
"2021-11-01 02:05:00";0;0;0;0;0;0;0;0
"2021-11-01 02:10:00";0;0;0;0;0;0;0;0
"2021-11-01 02:15:00";0;0;0;0;0;0;0;0
"2021-11-01 02:20:00";0;0;0;0;0;0;0;0
"2021-11-01 02:25:00";0;0;0;0;0;0;0;0
"2021-11-01 02:30:00";0;0;0;0;0;0;0;0
"2021-11-01 02:35:00";0;0;0;0;0;0;0;0
"2021-11-01 02:40:00";0;0;0;0;0;0;0;0
"2021-11-01 02:45:00";0;0;0;0;0;0;0;0
"2021-11-01 02:50:00";0;0;0;0;0;0;0;0
"2021-11-01 02:55:00";0;0;0;0;0;0;0;0
"2021-11-01 03:00:00";0;0;0;0;0;0;0;0
"2021-11-01 03:05:00";0;0;0;0;0;0;0;0
"2021-11-01 03:10:00";0;0;0;0;0;0;0;0
"2021-11-01 03:15:00";0;0;0;0;0;0;0;0
"2021-11-01 03:20:00";0;0;0;0;0;0;0;0
"2021-11-01 03:25:00";0;0;0;0;0;0;0;0
"2021-11-01 03:30:00";0;0;0;0;0;0;0;0
"2021-11-01 03:35:00";0;0;0;0;0;0;0;0
"2021-11-01 03:40:00";0;0;0;0;0;0;0;0
"2021-11-01 03:45:00";0;0;0;0;0;0;0;0
"2021-11-01 03:50:00";0;0;0;0;0;0;0;0
"2021-11-01 03:55:00";0;0;0;0;0;0;0;0
"2021-11-01 04:00:00";0;0;0;0;0;0;0;0
"2021-11-01 04:05:00";0;0;0;0;0;0;0;0
"2021-11-01 04:10:00";0;0;0;0;0;0;0;0
"2021-11-01 04:15:00";0;0;0;0;0;0;0;0
"2021-11-01 04:20:00";0;0;0;0;0;0;0;0
"2021-11-01 04:25:00";0;0;0;0;0;0;0;0
"2021-11-01 04:30:00";0;0;0;0;0;0;0;0
"2021-11-01 04:35:00";0;0;0;0;0;0;0;0
"2021-11-01 04:40:00";0;0;0;0;0;0;0;0
"2021-11-01 04:45:00";0;0;0;0;0;0;0;0
"2021-11-01 04:50:00";0;0;0;0;0;0;0;0
"2021-11-01 04:55:00";0;0;0;0;0;0;0;0
"2021-11-01 05:00:00";0;0;0;0;0;0;0;0
"2021-11-01 05:05:00";0;0;0;0;0;0;0;0
"2021-11-01 05:10:00";0;0;0;0;0;0;0;0
"2021-11-01 05:15:00";0;0;0;0;0;0;0;0
"2021-11-01 05:20:00";0;0;0;0;0;0;0;0
"2021-11-01 05:25:00";0;0;0;0;0;0;0;0
"2021-11-01 05:30:00";0;0;0;0;0;0;0;0
"2021-11-01 05:35:00";0;12,53;0;0;0;0;0;0
"2021-11-01 05:40:00";0;86,27;0;0;0;0;0;0
"2021-11-01 05:45:00";0;42,03;0;0;0;0;0;0
"2021-11-01 05:50:00";0;0;0;0;0;0;0;0
"2021-11-01 05:55:00";0;0;0;0;0;0;0;0
"2021-11-01 06:00:00";0;0;0;0;0;0;0;0
"2021-11-01 06:05:00";0;0;0;0;0;0;0;0
"2021-11-01 06:10:00";0;0;0;0;0;0;0;0
"2021-11-01 06:15:00";0;0;0;0;0;0;0;0
"2021-11-01 06:20:00";0;0;0;0;0;0;0;0
"2021-11-01 06:25:00";0;0;0;0;0;0;0;0
"2021-11-01 06:30:00";0;0;0;0;0;0;0;0
"2021-11-01 06:35:00";0;0;0;0;0;0;0;0
"2021-11-01 06:40:00";0;0;0;0;0;0;0;0
"2021-11-01 06:45:00";0;0;0;0;0;0;0;0
"2021-11-01 06:50:00";0;71,38;0;0;0;0;0;0
"2021-11-01 06:55:00";0;105,35;0;0;0;0;0;0
"2021-11-01 07:00:00";0;111,97;0;0;0;0;0;0
"2021-11-01 07:05:00";0;108,11;0;0;0;0;0;0
"2021-11-01 07:10:00";0;94,58;0;0;0;0;0;0
"2021-11-01 07:15:00";0;85,38;0;0;0;0;0;0
"2021-11-01 07:20:00";0;11,14;0;0;0;0;0;0
"2021-11-01 07:25:00";0;0;0;0;0;0;0;0
"2021-11-01 07:30:00";0;0;0;0;0;0;0;0
"2021-11-01 07:35:00";0;0;0;0;0;0;0;0
"2021-11-01 07:40:00";0;0;0;0;0;0;0;0
"2021-11-01 07:45:00";0;0;0;0;0;0;0;24,26
"2021-11-01 07:50:00";0;0;0;0;0;0;0;65,71
"2021-11-01 07:55:00";0;0;0;0;0;0;0;47,09
"2021-11-01 08:00:00";0;0;0;0;0;0;0;10,08
"2021-11-01 08:05:00";0;0;0;0;0;0;0;0
"2021-11-01 08:10:00";0;0;0;0;0;0;0;0
"2021-11-01 08:15:00";0;0;0;0;0;0;0;0
"2021-11-01 08:20:00";0;0;0;0;0;0;0;0
"2021-11-01 08:25:00";0;0;0;0;0;0;0;0
"2021-11-01 08:30:00";0;0;0;0;0;0;0;0
"2021-11-01 08:35:00";0;0;0;0;0;0;0;0
"2021-11-01 08:40:00";0;0;0;0;0;0;0;0
"2021-11-01 08:45:00";0;0;0;0;0;0;0;0
"2021-11-01 08:50:00";0;0;0;0;0;0;0;0
"2021-11-01 08:55:00";0;0;0;0;0;0;0;0
"2021-11-01 09:00:00";0;0;0;0;0;0;0;0
"2021-11-01 09:05:00";0;0;0;0;0;0;0;0
"2021-11-01 09:10:00";10,99;0;0;0;0;0;0;0
"2021-11-01 09:15:00";43,95;0;0;0;0;0;0;0
"2021-11-01 09:20:00";34,58;0;0;0;0;0;0;0
"2021-11-01 09:25:00";0;0;0;0;0;0;0;0
"2021-11-01 09:30:00";0;0;0;0;0;0;0;0
"2021-11-01 09:35:00";0;0;0;0;0;0;0;0
"2021-11-01 09:40:00";0;0;0;0;0;0;0;0
"2021-11-01 09:45:00";0;0;0;0;0;0;0;23,95
"2021-11-01 09:50:00";0;0;0;0;0;0;0;25,69
"2021-11-01 09:55:00";0;0;0;0;0;0;0;25,6
"2021-11-01 10:00:00";0;0;0;0;0;0;0;25,7
"2021-11-01 10:05:00";0;0;0;0;0;0;0;2,7
"2021-11-01 10:10:00";0;0;0;0;0;0;0;0
"2021-11-01 10:15:00";0;0;0;0;0;0;0;0
"2021-11-01 10:20:00";0;0;0;0;0;0;0;0
"2021-11-01 10:25:00";0;0;0;0;0;0;0;0
"2021-11-01 10:30:00";0;0;0;0;0;0;38,39;0
"2021-11-01 10:35:00";0;0;0;0;0;0;88,38;0
"2021-11-01 10:40:00";0;0;0;0;0;0;101,44;0
"2021-11-01 10:45:00";0;0;0;0;0;0;95,69;0
"2021-11-01 10:50:00";177,07;0;0;0;0;0;86,53;0
"2021-11-01 10:55:00";247;0;0;0;0;0;76,13;33,99
"2021-11-01 11:00:00";200,58;0;0;0;0;0;66,48;57,12
"2021-11-01 11:05:00";141,8;0;0;0;0;0;63,04;41,36
"2021-11-01 11:10:00";28,64;0;0;0;0;0;61,42;0
"2021-11-01 11:15:00";0;0;0;0;0;0;4,69;0
"2021-11-01 11:20:00";0;0;0;0;0;0;0;0
"2021-11-01 11:25:00";31,01;0;0;0;0;0;0;0
"2021-11-01 11:30:00";55,61;23,21;0;0;0;0;0;0
"2021-11-01 11:35:00";56,12;108,53;0;0;0;0;0;0
"2021-11-01 11:40:00";71,88;111,11;0;0;0;0;0;0
"2021-11-01 11:45:00";74,54;111,51;0;0;0;0;0;0
"2021-11-01 11:50:00";66,43;98,55;0;0;0;0;0;0
"2021-11-01 11:55:00";47,43;89,18;0;0;0;0;0;0
"2021-11-01 12:00:00";0;91,89;0;0;0;0;0;0
"2021-11-01 12:05:00";0;75,72;0;0;0;0;0;0
"2021-11-01 12:10:00";0;82,3;0;0;0;0;0;0
"2021-11-01 12:15:00";0;79,48;0;0;0;0;0;0
"2021-11-01 12:20:00";0;72,23;0;0;0;0;0;0
"2021-11-01 12:25:00";0;66,68;0;0;0;0;0;0
"2021-11-01 12:30:00";0;32,34;0;0;0;0;0;10,04
"2021-11-01 12:35:00";0;0;0;0;0;0;0;90,15
"2021-11-01 12:40:00";0;0;0;0;0;0;0;101,97
"2021-11-01 12:45:00";0;0;0;0;0;0;0;112,32
"2021-11-01 12:50:00";0;0;0;0;0;0;0;107,56
"2021-11-01 12:55:00";0;0;0;0;0;0;0;79,51
"2021-11-01 13:00:00";0;0;0;0;0;0;0;57,34
"2021-11-01 13:05:00";0;0;0;0;0;0;29,25;0
"2021-11-01 13:10:00";0;0;0;0;0;0;47,53;0
"2021-11-01 13:15:00";0;36,49;0;0;0;0;47,2;0
"2021-11-01 13:20:00";0;41,18;0;0;0;0;43,99;0
"2021-11-01 13:25:00";0;36,62;0;0;0;0;20,21;0
"2021-11-01 13:30:00";0;30,09;0;0;0;0;0;0
"2021-11-01 13:35:00";0;17,86;0;0;0;0;0;0
"2021-11-01 13:40:00";0;0;0;0;0;0;0;0
"2021-11-01 13:45:00";0;0;0;0;0;0;0;0
"2021-11-01 13:50:00";0;0;0;0;0;0;0;0
"2021-11-01 13:55:00";5,29;0;0;0;0;0;0;0
"2021-11-01 14:00:00";60,8;0;0;0;0;0;0;0
"2021-11-01 14:05:00";53,46;0;0;0;0;0;0;0
"2021-11-01 14:10:00";49,49;0;0;0;0;0;0;0
"2021-11-01 14:15:00";48,78;0;0;0;0;0;0;0
"2021-11-01 14:20:00";28,72;0;0;0;0;0;0;0
"2021-11-01 14:25:00";28,18;0;0;0;0;0;0;0
"2021-11-01 14:30:00";16,83;0;0;0;0;0;0;0
"2021-11-01 14:35:00";0;0;0;0;0;0;0;0
"2021-11-01 14:40:00";0;0;0;0;0;0;0;0
"2021-11-01 14:45:00";0;0;0;0;0;0;0;0
"2021-11-01 14:50:00";0;0;0;0;0;0;0;0
"2021-11-01 14:55:00";0;0;0;0;0;0;0;0
"2021-11-01 15:00:00";0;0;0;0;0;0;0;0
"2021-11-01 15:05:00";0;0;0;0;0;0;0;0
"2021-11-01 15:10:00";0;0;0;0;0;0;0;0
"2021-11-01 15:15:00";0;0;0;0;0;0;0;0
"2021-11-01 15:20:00";0;0;0;0;0;0;0;0
"2021-11-01 15:25:00";0;0;0;0;0;0;0;0
"2021-11-01 15:30:00";0;0;0;0;0;0;0;0
"2021-11-01 15:35:00";0;0;0;0;0;0;0;0
"2021-11-01 15:40:00";0;0;0;0;0;0;0;0
"2021-11-01 15:45:00";0;0;0;0;0;0;0;0
"2021-11-01 15:50:00";0;0;0;0;0;0;0;0
"2021-11-01 15:55:00";0;0;0;0;0;0;0;0
"2021-11-01 16:00:00";0;0;0;0;0;0;0;0
"2021-11-01 16:05:00";0;0;0;0;0;0;0;0
"2021-11-01 16:10:00";0;0;0;0;0;0;0;0
"2021-11-01 16:15:00";0;0;0;0;0;0;0;0
"2021-11-01 16:20:00";0;0;0;0;0;0;0;0
"2021-11-01 16:25:00";0;0;0;0;0;0;0;0
"2021-11-01 16:30:00";36,53;0;0;0;0;0;0;0
"2021-11-01 16:35:00";40,19;0;0;0;0;0;0;0
"2021-11-01 16:40:00";38,61;0;0;0;0;0;0;0
"2021-11-01 16:45:00";34,2;0;0;0;0;0;0;27,35
"2021-11-01 16:50:00";28,43;0;0;0;0;0;48,66;10,28
"2021-11-01 16:55:00";21,23;0;0;0;0;0;65,49;0
"2021-11-01 17:00:00";15,25;0;0;0;0;0;0;0
"2021-11-01 17:05:00";3,98;0;0;0;0;0;0;0
"2021-11-01 17:10:00";98,89;0;0;0;0;0;0;0
"2021-11-01 17:15:00";98,97;0;0;0;0;0;0;0
"2021-11-01 17:20:00";100,83;0;0;0;0;0;0;0
"2021-11-01 17:25:00";92,53;0;0;0;0;0;0;0
"2021-11-01 17:30:00";85,41;0;0;0;0;0;0;0
"2021-11-01 17:35:00";77,26;0;0;0;0;0;0;0
"2021-11-01 17:40:00";14,76;0;0;0;0;0;0;0
"2021-11-01 17:45:00";0;0;0;0;0;0;0;0
"2021-11-01 17:50:00";0;0;0;0;0;0;0;0
"2021-11-01 17:55:00";0;0;0;0;0;0;0;0
"2021-11-01 18:00:00";0;0;0;0;0;0;0;0
"2021-11-01 18:05:00";0;0;0;0;0;0;0;0
"2021-11-01 18:10:00";0;0;0;0;0;0;0;0
"2021-11-01 18:15:00";0;0;0;0;0;0;0;0
"2021-11-01 18:20:00";0;0;0;0;0;0;0;0
"2021-11-01 18:25:00";0;0;0;0;0;0;0;0
"2021-11-01 18:30:00";0;15,07;0;0;0;0;0;0
"2021-11-01 18:35:00";0;46,31;0;0;0;0;0;0
"2021-11-01 18:40:00";0;61,6;0;0;0;0;0;0
"2021-11-01 18:45:00";0;74,5;0;0;0;0;0;0
"2021-11-01 18:50:00";0;72,21;0;0;0;0;0;0
"2021-11-01 18:55:00";0;64,05;0;0;0;0;0;0
"2021-11-01 19:00:00";0;56,15;0;0;0;0;0;0
"2021-11-01 19:05:00";0;46,48;0;0;0;0;0;0
"2021-11-01 19:10:00";0;7,37;0;0;0;0;0;0
"2021-11-01 19:15:00";0;0;0;0;0;0;0;0
"2021-11-01 19:20:00";0;0;0;0;0;0;7,09;0
"2021-11-01 19:25:00";0;0;0;0;0;0;40,27;0
"2021-11-01 19:30:00";0;0;0;0;0;0;21,79;0
"2021-11-01 19:35:00";0;0;0;0;0;0;15,1;0
"2021-11-01 19:40:00";0;0;0;0;0;0;6,94;0
"2021-11-01 19:45:00";0;0;0;0;0;0;0;0
"2021-11-01 19:50:00";0;0;0;0;0;0;0;0
"2021-11-01 19:55:00";0;0;0;0;0;0;0;0
"2021-11-01 20:00:00";0;0;0;0;0;0;0;0
"2021-11-01 20:05:00";0;0;0;0;0;0;0;0
"2021-11-01 20:10:00";0;0;0;0;0;0;22,7;0
"2021-11-01 20:15:00";0;0;0;0;0;0;44,52;0
"2021-11-01 20:20:00";0;0;0;0;0;0;56,45;0
"2021-11-01 20:25:00";0;0;0;0;0;0;59,15;0
"2021-11-01 20:30:00";0;0;0;0;0;0;53,5;0
"2021-11-01 20:35:00";0;0;0;0;0;0;27,02;0
"2021-11-01 20:40:00";0;0;0;0;0;0;9,7;0
"2021-11-01 20:45:00";0;0;0;0;0;0;7,39;0
"2021-11-01 20:50:00";0;0;0;0;0;0;0;0
"2021-11-01 20:55:00";0;0;0;0;0;0;0;0
"2021-11-01 21:00:00";0;0;0;0;0;0;0;0
"2021-11-01 21:05:00";0;0;0;0;0;0;0;0
"2021-11-01 21:10:00";0;0;0;0;0;0;0;0
"2021-11-01 21:15:00";0;0;0;0;0;0;0;0
"2021-11-01 21:20:00";0;0;0;0;0;0;0;0
"2021-11-01 21:25:00";0;0;0;0;0;0;0;0
"2021-11-01 21:30:00";0;0;0;0;0;0;0;0
"2021-11-01 21:35:00";0;0;0;0;0;0;0;0
"2021-11-01 21:40:00";0;0;0;0;0;0;0;0
"2021-11-01 21:45:00";0;0;0;0;0;0;0;8,91
"2021-11-01 21:50:00";0;0;0;0;0;0;0;46,27
"2021-11-01 21:55:00";0;0;0;0;0;0;0;42,49
"2021-11-01 22:00:00";0;0;0;0;0;0;0;32,48
"2021-11-01 22:05:00";0;0;0;0;0;0;0;26,96
"2021-11-01 22:10:00";0;0;0;0;0;0;0;23,86
"2021-11-01 22:15:00";0;13,66;0;0;0;0;0;20,76
"2021-11-01 22:20:00";0;38,2;0;0;0;0;0;16,23
"2021-11-01 22:25:00";0;38,56;0;0;0;0;0;10,84
"2021-11-01 22:30:00";0;15,16;0;0;0;0;0;2,55
"2021-11-01 22:35:00";0;0;0;0;0;0;0;0
"2021-11-01 22:40:00";0;0;0;0;0;0;0;0
"2021-11-01 22:45:00";0;0;0;0;0;0;0;0
"2021-11-01 22:50:00";0;0;0;0;0;0;0;0
"2021-11-01 22:55:00";0;0;0;0;0;0;0;0
"2021-11-01 23:00:00";0;0;0;0;0;0;0;0
"2021-11-01 23:05:00";0;0;0;0;0;0;0;0
"2021-11-01 23:10:00";0;0;0;0;0;0;0;0
"2021-11-01 23:15:00";0;0;0;0;0;0;0;0
"2021-11-01 23:20:00";0;0;0;0;0;0;0;0
"2021-11-01 23:25:00";0;0;0;0;0;0;0;0
"2021-11-01 23:30:00";0;0;0;0;0;0;0;0
"2021-11-01 23:35:00";0;0;0;0;0;0;0;0
"2021-11-01 23:40:00";0;0;0;0;0;0;0;0
"2021-11-01 23:45:00";0;0;0;0;0;0;0;0
"2021-11-01 23:50:00";0;0;0;0;0;0;0;0
"2021-11-01 23:55:00";0;0;0;0;0;0;0;0
"2021-11-02 00:00:00";0;0;0;0;0;0;0;0
"2021-11-02 00:05:00";0;0;0;0;0;0;0;0
"2021-11-02 00:10:00";0;0;0;0;0;0;0;0
"2021-11-02 00:15:00";0;0;0;0;0;0;0;0
"2021-11-02 00:20:00";0;0;0;0;0;0;0;0
"2021-11-02 00:25:00";0;0;0;0;0;0;0;0
"2021-11-02 00:30:00";0;0;0;0;0;0;0;0
"2021-11-02 00:35:00";0;0;0;0;0;0;0;0
"2021-11-02 00:40:00";0;0;0;0;0;0;0;0
"2021-11-02 00:45:00";0;0;0;0;0;0;0;0
"2021-11-02 00:50:00";0;0;0;0;0;0;0;0
"2021-11-02 00:55:00";0;0;0;0;0;0;0;0
"2021-11-02 01:00:00";0;0;0;0;0;0;0;0
"2021-11-02 01:05:00";0;0;0;0;0;0;0;0
"2021-11-02 01:10:00";0;0;0;0;0;0;0;0
"2021-11-02 01:15:00";0;0;0;0;0;0;0;0
"2021-11-02 01:20:00";0;0;0;0;0;0;0;0
"2021-11-02 01:25:00";0;0;0;0;0;0;0;0
"2021-11-02 01:30:00";0;0;0;0;0;0;0;0
"2021-11-02 01:35:00";0;0;0;0;0;0;0;0
"2021-11-02 01:40:00";0;0;0;0;0;0;0;0
"2021-11-02 01:45:00";0;0;0;0;0;0;0;0
"2021-11-02 01:50:00";0;0;0;0;0;0;0;0
"2021-11-02 01:55:00";0;0;0;0;0;0;0;0
"2021-11-02 02:00:00";0;0;0;0;0;0;0;0
"2021-11-02 02:05:00";0;0;0;0;0;0;0;0
"2021-11-02 02:10:00";0;0;0;0;0;0;0;0
"2021-11-02 02:15:00";0;0;0;0;0;0;0;0
"2021-11-02 02:20:00";0;0;0;0;0;0;0;0
"2021-11-02 02:25:00";0;0;0;0;0;0;0;0
"2021-11-02 02:30:00";0;0;0;0;0;0;0;0
"2021-11-02 02:35:00";0;0;0;0;0;0;0;0
"2021-11-02 02:40:00";0;0;0;0;0;0;0;0
"2021-11-02 02:45:00";0;0;0;0;0;0;0;0
"2021-11-02 02:50:00";0;0;0;0;0;0;0;0
"2021-11-02 02:55:00";0;0;0;0;0;0;0;0
"2021-11-02 03:00:00";0;0;0;0;0;0;0;0
"2021-11-02 03:05:00";0;0;0;0;0;0;0;0
"2021-11-02 03:10:00";0;0;0;0;0;0;0;0
"2021-11-02 03:15:00";0;0;0;0;0;0;0;0
"2021-11-02 03:20:00";0;0;0;0;0;0;0;0
"2021-11-02 03:25:00";0;0;0;0;0;0;0;0
"2021-11-02 03:30:00";0;0;0;0;0;0;0;0
"2021-11-02 03:35:00";0;0;0;0;0;0;0;0
"2021-11-02 03:40:00";0;0;0;0;0;0;0;0
"2021-11-02 03:45:00";0;0;0;0;0;0;0;0
"2021-11-02 03:50:00";0;0;0;0;0;0;0;0
"2021-11-02 03:55:00";0;0;0;0;0;0;0;0
"2021-11-02 04:00:00";0;0;0;0;0;0;0;0
"2021-11-02 04:05:00";0;0;0;0;0;0;0;0
"2021-11-02 04:10:00";0;0;0;0;0;0;0;0
"2021-11-02 04:15:00";0;0;0;0;0;0;0;0
"2021-11-02 04:20:00";0;0;0;0;0;0;0;0
"2021-11-02 04:25:00";0;0;0;0;0;0;0;0
"2021-11-02 04:30:00";0;0;0;0;0;0;0;0
"2021-11-02 04:35:00";0;0;0;0;0;0;0;0
"2021-11-02 04:40:00";0;0;0;0;0;0;0;0
"2021-11-02 04:45:00";0;0;0;0;0;0;0;0
"2021-11-02 04:50:00";0;0;0;0;0;0;0;0
"2021-11-02 04:55:00";0;0;0;0;0;0;0;0
"2021-11-02 05:00:00";0;0;0;0;0;0;0;0
"2021-11-02 05:05:00";0;0;0;0;0;0;0;0
"2021-11-02 05:10:00";0;0;0;0;0;0;0;0
"2021-11-02 05:15:00";0;0;0;0;0;0;0;0
"2021-11-02 05:20:00";0;0;0;0;0;0;0;0
"2021-11-02 05:25:00";0;0;0;0;0;0;0;0
"2021-11-02 05:30:00";0;0;0;0;0;0;0;0
"2021-11-02 05:35:00";0;0;0;0;0;0;0;0
"2021-11-02 05:40:00";0;0;0;0;0;0;0;0
"2021-11-02 05:45:00";0;0;0;0;0;0;0;0
"2021-11-02 05:50:00";0;0;0;0;0;0;0;0
"2021-11-02 05:55:00";0;0;0;0;0;0;0;0
"2021-11-02 06:00:00";0;0;0;0;0;0;0;0
"2021-11-02 06:05:00";0;0;0;0;0;0;0;0
"2021-11-02 06:10:00";0;0;0;0;0;0;0;0
"2021-11-02 06:15:00";0;0;0;0;0;0;0;0
"2021-11-02 06:20:00";0;0;0;0;0;0;0;0
"2021-11-02 06:25:00";0;0;0;0;0;0;0;0
"2021-11-02 06:30:00";0;0;0;0;0;0;0;0
"2021-11-02 06:35:00";0;0;0;0;0;0;0;0
"2021-11-02 06:40:00";0;0;0;0;0;0;0;0
"2021-11-02 06:45:00";0;0;0;0;0;0;0;0
"2021-11-02 06:50:00";0;0;0;0;0;0;0;0
"2021-11-02 06:55:00";0;0;0;0;0;0;0;0
"2021-11-02 07:00:00";0;0;0;0;0;0;50,31;0
"2021-11-02 07:05:00";0;0;0;0;0;0;107,08;0
"2021-11-02 07:10:00";0;0;0;0;0;0;45,73;0
"2021-11-02 07:15:00";0;0;0;0;0;0;0;0
"2021-11-02 07:20:00";0;0;0;0;0;0;0;0
"2021-11-02 07:25:00";0;0;0;0;0;0;0;0
"2021-11-02 07:30:00";0;0;0;0;0;0;0;0
"2021-11-02 07:35:00";0;0;0;0;0;0;0;0
"2021-11-02 07:40:00";0;0;0;0;0;0;25,91;0
"2021-11-02 07:45:00";0;0;0;0;0;0;41,5;0
"2021-11-02 07:50:00";0;0;0;0;0;0;42,25;0
"2021-11-02 07:55:00";0;0;0;0;0;0;42,72;0
"2021-11-02 08:00:00";0;26,55;0;0;0;0;18,72;0
"2021-11-02 08:05:00";0;38,8;0;0;0;0;0;0
"2021-11-02 08:10:00";0;38,75;0;0;0;0;0;0
"2021-11-02 08:15:00";0;5,71;0;0;0;0;0;0
"2021-11-02 08:20:00";0;0;0;0;0;0;0;0
"2021-11-02 08:25:00";0;0;0;0;0;0;0;0
"2021-11-02 08:30:00";0;0;0;0;0;0;0;0
"2021-11-02 08:35:00";0;0;0;0;0;0;0;0
"2021-11-02 08:40:00";0;0;0;0;0;0;0;0
"2021-11-02 08:45:00";0;0;0;0;0;0;0;0
"2021-11-02 08:50:00";0;0;0;0;0;0;0;0
"2021-11-02 08:55:00";0;0;0;0;0;0;0;0
"2021-11-02 09:00:00";0;0;0;0;0;0;0;0
"2021-11-02 09:05:00";0;0;0;0;0;0;0;0
"2021-11-02 09:10:00";0;0;0;0;0;0;0;0
"2021-11-02 09:15:00";0;0;0;0;0;0;0;0
"2021-11-02 09:20:00";0;0;0;0;0;0;0;0
"2021-11-02 09:25:00";0;0;0;0;0;0;0;0
"2021-11-02 09:30:00";0;0;0;0;0;0;0;0
"2021-11-02 09:35:00";0;0;0;0;0;0;0;2,96
"2021-11-02 09:40:00";0;0;0;0;0;0;0;2,29
"2021-11-02 09:45:00";0;0;0;0;0;0;0;0
"2021-11-02 09:50:00";0;0;0;0;0;0;0;0
"2021-11-02 09:55:00";0;0;0;0;0;0;0;0
"2021-11-02 10:00:00";0;0;0;0;0;0;0;0
"2021-11-02 10:05:00";0;0;0;0;0;0;0;0
"2021-11-02 10:10:00";0;0;0;0;0;0;0;0
"2021-11-02 10:15:00";31,11;0;0;0;0;0;61,37;0
"2021-11-02 10:20:00";36,89;0;0;0;0;0;99,99;0
"2021-11-02 10:25:00";37,16;0;0;0;0;0;82,49;50,38
"2021-11-02 10:30:00";32,96;0;0;0;0;0;64,64;94,77
"2021-11-02 10:35:00";0;0;0;0;0;0;48,96;99,45
"2021-11-02 10:40:00";0;0;0;0;0;0;5,16;106,3
"2021-11-02 10:45:00";0;28,65;0;0;0;0;0;96,73
"2021-11-02 10:50:00";0;19,51;0;0;0;0;0;78,97
"2021-11-02 10:55:00";0;17,95;0;0;0;0;0;0
"2021-11-02 11:00:00";0;16,76;0;0;0;0;0;0
"2021-11-02 11:05:00";0;15,87;0;0;0;0;5,12;0
"2021-11-02 11:10:00";0;14,76;0;0;0;0;47,32;0
"2021-11-02 11:15:00";0;13,82;0;0;0;0;42,71;0
"2021-11-02 11:20:00";0;5,75;0;0;0;0;24,67;0
"2021-11-02 11:25:00";0;0;0;0;0;0;2,76;0
"2021-11-02 11:30:00";0;0;0;0;0;0;0;0
"2021-11-02 11:35:00";0;0;0;0;0;0;0;0
"2021-11-02 11:40:00";0;0;0;0;0;0;0;0
"2021-11-02 11:45:00";0;0;0;0;0;0;0;0
"2021-11-02 11:50:00";0;0;0;0;0;0;0;0
"2021-11-02 11:55:00";0;0,2;0;0;0;0;0;0
"2021-11-02 12:00:00";0;52,2;0;0;0;0;0;0
"2021-11-02 12:05:00";0;53,64;0;0;0;0;0;0
"2021-11-02 12:10:00";0;54,25;0;0;0;0;0;0
"2021-11-02 12:15:00";0;54,84;0;0;0;0;0;0
"2021-11-02 12:20:00";0;56,49;0;0;0;0;0;0
"2021-11-02 12:25:00";0;57,01;0;0;0;0;0;0
"2021-11-02 12:30:00";0;24,97;0;0;0;0;0;0
"2021-11-02 12:35:00";0;0;0;0;0;0;0;0
"2021-11-02 12:40:00";0;0;0;0;0;0;0;0
"2021-11-02 12:45:00";0;0;0;0;0;0;67,63;0
"2021-11-02 12:50:00";0;0;0;0;0;0;53,45;0
"2021-11-02 12:55:00";0;0;0;0;0;0;0;0
"2021-11-02 13:00:00";0;0;0;0;0;0;58,84;0
"2021-11-02 13:05:00";0;0;0;0;0;0;73,01;0
"2021-11-02 13:10:00";0;0;0;0;0;0;40,39;0
"2021-11-02 13:15:00";0;0;0;0;0;0;30,27;0
"2021-11-02 13:20:00";0;0;0;0;0;0;25,99;0
"2021-11-02 13:25:00";0;0;0;0;0;0;26,45;0
"2021-11-02 13:30:00";0;0;0;0;0;0;20,41;0
"2021-11-02 13:35:00";30,56;0;0;0;0;0;12,95;0
"2021-11-02 13:40:00";46,89;0;0;0;0;0;0;0
"2021-11-02 13:45:00";47,5;0;0;0;0;0;0;0
"2021-11-02 13:50:00";31,6;0;0;0;0;0;0;0
"2021-11-02 13:55:00";20,93;0;0;0;0;0;0;0
"2021-11-02 14:00:00";14,54;0;0;0;0;0;31,38;0
"2021-11-02 14:05:00";5,04;0;0;0;0;0;23,19;0
"2021-11-02 14:10:00";0;0;0;0;0;0;23,32;0
"2021-11-02 14:15:00";0;0;0;0;0;0;23,67;0
"2021-11-02 14:20:00";0;22,4;0;0;0;0;23,67;0
"2021-11-02 14:25:00";0;63,99;0;0;0;0;12,53;0
"2021-11-02 14:30:00";0;54,81;0;0;0;0;0;0
"2021-11-02 14:35:00";0;49,66;0;0;0;0;0;59,24
"2021-11-02 14:40:00";0;49,36;0;0;0;0;0;83,48
"2021-11-02 14:45:00";0;36,13;0;0;0;0;0;82,01
"2021-11-02 14:50:00";0;20,55;0;0;0;0;0;77,83
"2021-11-02 14:55:00";0;0;0;0;0;0;0;71
"2021-11-02 15:00:00";0;0;0;0;0;0;0;69,62
"2021-11-02 15:05:00";0;0;0;0;0;0;75,25;33,1
"2021-11-02 15:10:00";0;0;0;0;0;0;113,52;32,45
"2021-11-02 15:15:00";0;0;0;0;0;0;109,3;11,37
"2021-11-02 15:20:00";0;0;0;0;0;0;99,5;0
"2021-11-02 15:25:00";0;0;0;0;0;0;91,97;0
"2021-11-02 15:30:00";0;0;0;0;0;0;79,86;0
"2021-11-02 15:35:00";0;0;0;0;0;0;44,65;0
"2021-11-02 15:40:00";0;0;0;0;0;0;0;0
"2021-11-02 15:45:00";0;0;0;0;0;0;0;0
"2021-11-02 15:50:00";0;0;0;0;0;0;69,91;0
"2021-11-02 15:55:00";18,45;0;0;0;0;0;78,07;0
"2021-11-02 16:00:00";35,95;0;0;0;0;0;56,07;17,01
"2021-11-02 16:05:00";36,44;0;0;0;0;0;0;29,57
"2021-11-02 16:10:00";36,7;0;0;0;0;0;0;30,23
"2021-11-02 16:15:00";31,48;0;0;0;0;0;0;0
"2021-11-02 16:20:00";21,74;0;0;0;0;0;0;0
"2021-11-02 16:25:00";0;0;0;0;0;0;94,76;0
"2021-11-02 16:30:00";0;0;0;0;0;0;104,87;0
"2021-11-02 16:35:00";0;0;0;0;0;0;105,66;0
"2021-11-02 16:40:00";0;0;0;0;0;0;122,73;0
"2021-11-02 16:45:00";0;0;0;0;0;0;131,42;0
"2021-11-02 16:50:00";0;0;0;0;0;0;120,2;0
"2021-11-02 16:55:00";0;0;0;0;0;0;112,66;0
"2021-11-02 17:00:00";0;0;0;0;0;0;81,85;0
"2021-11-02 17:05:00";0;0;0;0;0;0;77,57;0
"2021-11-02 17:10:00";0;0;0;0;0;0;15,91;0
"2021-11-02 17:15:00";0;0;0;0;0;0;0;0
"2021-11-02 17:20:00";0;0;0;0;0;0;0;0
"2021-11-02 17:25:00";0;0;0;0;0;0;0;0
"2021-11-02 17:30:00";27,95;0;0;0;0;0;0;0
"2021-11-02 17:35:00";106;0;0;0;0;0;0;0
"2021-11-02 17:40:00";100,41;0;0;0;0;0;0;0
"2021-11-02 17:45:00";107,83;0;0;0;0;0;0;0
"2021-11-02 17:50:00";107,01;0;0;0;0;0;0;0
"2021-11-02 17:55:00";96,33;0;0;0;0;0;0;0
"2021-11-02 18:00:00";82,56;0;0;0;0;0;0;0
"2021-11-02 18:05:00";113,19;0;0;0;0;0;0;0
"2021-11-02 18:10:00";77,01;0;0;0;0;0;0;0
"2021-11-02 18:15:00";0;0;0;0;0;0;0;0
"2021-11-02 18:20:00";0;0;0;0;0;0;0;0
"2021-11-02 18:25:00";0;0;0;0;0;0;0;0
"2021-11-02 18:30:00";0;0;0;0;0;0;0;0
"2021-11-02 18:35:00";0;0;0;0;0;0;0;0
"2021-11-02 18:40:00";0;0;0;0;0;0;0;11,99
"2021-11-02 18:45:00";0;0;0;0;0;0;0;82,1
"2021-11-02 18:50:00";0;0;0;0;0;0;0;78,73
"2021-11-02 18:55:00";0;0;0;0;0;0;0;74,4
"2021-11-02 19:00:00";0;0;0;0;0;0;0;69,36
"2021-11-02 19:05:00";0;0;0;0;0;0;21,78;63,94
"2021-11-02 19:10:00";0;0;0;0;0;0;47,35;59,92
"2021-11-02 19:15:00";0;0;0;0;0;0;55,04;55,84
"2021-11-02 19:20:00";0;0;0;0;0;0;64;52,14
"2021-11-02 19:25:00";0;0;0;0;0;0;63,3;44,56
"2021-11-02 19:30:00";0;0;0;0;0;0;58,81;37,25
"2021-11-02 19:35:00";0;0;0;0;0;0;55,22;1,33
"2021-11-02 19:40:00";0;0;0;0;0;0;11,62;0
"2021-11-02 19:45:00";1,61;0;0;0;0;0;0;0
"2021-11-02 19:50:00";45,11;0;0;0;0;0;0;0
"2021-11-02 19:55:00";33,79;0;0;0;0;0;0;0
"2021-11-02 20:00:00";28,25;0;0;0;0;0;0;0
"2021-11-02 20:05:00";24,52;0;0;0;0;0;0;0
"2021-11-02 20:10:00";8,18;0;0;0;0;0;0;0
"2021-11-02 20:15:00";0;0;0;0;0;0;0;0
"2021-11-02 20:20:00";0;0;0;0;0;0;0;0
"2021-11-02 20:25:00";0;0;0;0;0;0;0;0
"2021-11-02 20:30:00";0;0;0;0;0;0;0;0
"2021-11-02 20:35:00";0;0;0;0;0;0;0;0
"2021-11-02 20:40:00";0;0;0;0;0;0;0;0
"2021-11-02 20:45:00";0;0;0;0;0;0;0;0
"2021-11-02 20:50:00";0;0;0;0;0;0;0;0
"2021-11-02 20:55:00";0;0;0;0;0;0;0;0
"2021-11-02 21:00:00";0;0;0;0;0;0;0;0
"2021-11-02 21:05:00";0;0;0;0;0;0;0;0
"2021-11-02 21:10:00";0;0;0;0;0;0;0;0
"2021-11-02 21:15:00";0;0;0;0;0;0;0;0
"2021-11-02 21:20:00";0;0;0;0;0;0;0;0
"2021-11-02 21:25:00";0;0;0;0;0;0;0;0
"2021-11-02 21:30:00";0;0;0;0;0;0;0;0
"2021-11-02 21:35:00";0;0;0;0;0;0;0;0
"2021-11-02 21:40:00";0;0;0;0;0;0;0;0
"2021-11-02 21:45:00";0;0;0;0;0;0;0;0
"2021-11-02 21:50:00";0;0;0;0;0;0;0;0
"2021-11-02 21:55:00";0;0;0;0;0;0;0;0
"2021-11-02 22:00:00";0;0;0;0;0;0;0;0
"2021-11-02 22:05:00";0;0;0;0;0;0;0;0
"2021-11-02 22:10:00";0;0;0;0;0;0;0;0
"2021-11-02 22:15:00";0;0;0;0;0;0;0;0
"2021-11-02 22:20:00";0;0;0;0;0;0;0;0
"2021-11-02 22:25:00";0;0;0;0;0;0;0;0
"2021-11-02 22:30:00";0;0;0;0;0;0;0;0
"2021-11-02 22:35:00";0;0;0;0;0;0;0;0
"2021-11-02 22:40:00";0;0;0;0;0;0;0;0
"2021-11-02 22:45:00";0;0;0;0;0;0;0;0
"2021-11-02 22:50:00";0;0;0;0;0;0;0;0
"2021-11-02 22:55:00";0;0;0;0;0;0;0;0
"2021-11-02 23:00:00";0;0;0;0;0;0;0;0
"2021-11-02 23:05:00";0;0;0;0;0;0;0;0
"2021-11-02 23:10:00";0;0;0;0;0;0;0;0
"2021-11-02 23:15:00";0;0;0;0;0;0;0;0
"2021-11-02 23:20:00";0;0;0;0;0;0;0;0
"2021-11-02 23:25:00";0;0;0;0;0;0;0;0
"2021-11-02 23:30:00";0;0;0;0;0;0;0;0
"2021-11-02 23:35:00";0;0;0;0;0;0;0;0
"2021-11-02 23:40:00";0;0;0;0;0;0;0;0
"2021-11-02 23:45:00";0;0;0;0;0;0;0;0
"2021-11-02 23:50:00";0;0;0;0;0;0;0;0
"2021-11-02 23:55:00";0;0;0;0;0;0;0;0
"2021-11-03 00:00:00";0;0;0;0;0;0;0;0
"2021-11-03 00:05:00";0;0;0;0;0;0;0;0
"2021-11-03 00:10:00";0;0;0;0;0;0;0;0
"2021-11-03 00:15:00";0;0;0;0;0;0;0;0
"2021-11-03 00:20:00";0;0;0;0;0;0;0;0
"2021-11-03 00:25:00";10,75;0;0;0;0;0;0;0
"2021-11-03 00:30:00";66,75;0;0;0;0;0;0;0
"2021-11-03 00:35:00";71,6;0;0;0;0;0;0;0
"2021-11-03 00:40:00";76,82;0;0;0;0;0;0;0
"2021-11-03 00:45:00";71,16;0;0;0;0;0;0;0
"2021-11-03 00:50:00";14,44;0;0;0;0;0;0;0
"2021-11-03 00:55:00";0;0;0;0;0;0;0;0
"2021-11-03 01:00:00";0;0;0;0;0;0;0;0
"2021-11-03 01:05:00";0;0;0;0;0;0;0;0
"2021-11-03 01:10:00";0;0;0;0;0;0;0;0
"2021-11-03 01:15:00";0;0;0;0;0;0;0;0
"2021-11-03 01:20:00";0;0;0;0;0;0;0;0
"2021-11-03 01:25:00";0;0;0;0;0;0;0;0
"2021-11-03 01:30:00";0;0;0;0;0;0;0;0
"2021-11-03 01:35:00";0;0;0;0;0;0;0;0
"2021-11-03 01:40:00";0;0;0;0;0;0;0;0
"2021-11-03 01:45:00";0;0;0;0;0;0;0;0
"2021-11-03 01:50:00";0;0;0;0;0;0;0;0
"2021-11-03 01:55:00";0;0;0;0;0;0;0;0
"2021-11-03 02:00:00";0;0;0;0;0;0;0;0
"2021-11-03 02:05:00";0;0;0;0;0;0;0;0
"2021-11-03 02:10:00";0;0;0;0;0;0;0;0
"2021-11-03 02:15:00";0;0;0;0;0;0;0;0
"2021-11-03 02:20:00";0;0;0;0;0;0;0;0
"2021-11-03 02:25:00";0;0;0;0;0;0;0;0
"2021-11-03 02:30:00";0;0;0;0;0;0;0;0
"2021-11-03 02:35:00";0;0;0;0;0;0;0;0
"2021-11-03 02:40:00";0;0;0;0;0;0;0;0
"2021-11-03 02:45:00";0;0;0;0;0;0;0;0
"2021-11-03 02:50:00";0;0;0;0;0;0;0;0
"2021-11-03 02:55:00";0;0;0;0;0;0;0;0
"2021-11-03 03:00:00";0;0;0;0;0;0;0;0
"2021-11-03 03:05:00";0;0;0;0;0;0;0;0
"2021-11-03 03:10:00";0;0;0;0;0;0;0;0
"2021-11-03 03:15:00";0;0;0;0;0;0;0;0
"2021-11-03 03:20:00";0;0;0;0;0;0;0;0
"2021-11-03 03:25:00";0;0;0;0;0;0;0;0
"2021-11-03 03:30:00";0;0;0;0;0;0;0;0
"2021-11-03 03:35:00";0;0;0;0;0;0;0;0
"2021-11-03 03:40:00";0;0;0;0;0;0;0;0
"2021-11-03 03:45:00";0;0;0;0;0;0;0;0
"2021-11-03 03:50:00";0;0;0;0;0;0;0;0
"2021-11-03 03:55:00";0;0;0;0;0;0;0;0
"2021-11-03 04:00:00";0;0;0;0;0;0;0;0
"2021-11-03 04:05:00";0;0;0;0;0;0;0;0
"2021-11-03 04:10:00";0;0;0;0;0;0;0;0
"2021-11-03 04:15:00";0;0;0;0;0;0;0;0
"2021-11-03 04:20:00";0;0;0;0;0;0;0;0
"2021-11-03 04:25:00";0;0;0;0;0;0;0;0
"2021-11-03 04:30:00";0;0;0;0;0;0;0;0
"2021-11-03 04:35:00";0;0;0;0;0;0;0;0
"2021-11-03 04:40:00";0;0;0;0;0;0;0;0
"2021-11-03 04:45:00";0;0;0;0;0;0;0;0
"2021-11-03 04:50:00";0;0;0;0;0;0;0;0
"2021-11-03 04:55:00";0;0;0;0;0;0;0;0
"2021-11-03 05:00:00";0;0;0;0;0;0;0;0
"2021-11-03 05:05:00";0;0;0;0;0;0;0;0
"2021-11-03 05:10:00";0;0;0;0;0;0;0;0
"2021-11-03 05:15:00";0;0;0;0;0;0;0;0
"2021-11-03 05:20:00";0;0;0;0;0;0;0;0
"2021-11-03 05:25:00";0;0;0;0;0;0;0;0
"2021-11-03 05:30:00";0;0;0;0;0;0;0;0
"2021-11-03 05:35:00";0;0;0;0;0;0;0;0
"2021-11-03 05:40:00";0;0;0;0;0;0;0;0
"2021-11-03 05:45:00";0;0;0;0;0;0;0;0
"2021-11-03 05:50:00";0;0;0;0;0;0;0;0
"2021-11-03 05:55:00";0;0;0;0;0;0;0;0
"2021-11-03 06:00:00";0;0;0;0;0;0;0;0
"2021-11-03 06:05:00";0;0;0;0;0;0;0;0
"2021-11-03 06:10:00";0;0;0;0;0;0;0;0
"2021-11-03 06:15:00";0;0;0;0;0;0;0;0
"2021-11-03 06:20:00";0;0;0;0;0;0;0;0
"2021-11-03 06:25:00";0;0;0;0;0;0;0;0
"2021-11-03 06:30:00";0;0;0;0;0;0;0;0
"2021-11-03 06:35:00";0;0;0;0;0;0;0;0
"2021-11-03 06:40:00";0;0;0;0;0;0;0;0
"2021-11-03 06:45:00";0;0;0;0;0;0;0;0
"2021-11-03 06:50:00";0;0;0;0;0;0;0;0
"2021-11-03 06:55:00";0;0;0;0;0;0;0;0
"2021-11-03 07:00:00";0;0;0;0;0;0;0;0
"2021-11-03 07:05:00";0;0;0;0;0;0;0;0
"2021-11-03 07:10:00";0;0;0;0;0;0;0;0
"2021-11-03 07:15:00";0;0;0;0;0;0;0;0
"2021-11-03 07:20:00";0;0;0;0;0;0;0;0
"2021-11-03 07:25:00";0;0;0;0;0;0;0;0
"2021-11-03 07:30:00";0;0;0;0;0;0;0;0
"2021-11-03 07:35:00";0;0;0;0;0;0;0;0
"2021-11-03 07:40:00";0;0;0;0;0;0;0;0
"2021-11-03 07:45:00";0;0;0;0;0;0;51,81;0
"2021-11-03 07:50:00";0;0;0;0;0;0;113,63;0
"2021-11-03 07:55:00";0;0;0;0;0;0;135;0
"2021-11-03 08:00:00";0;0;0;0;0;0;145,98;0
"2021-11-03 08:05:00";0;0;0;0;0;0;115,83;0
"2021-11-03 08:10:00";0;0;0;0;0;0;80,01;0
"2021-11-03 08:15:00";0;0;0;0;0;0;60,43;0
"2021-11-03 08:20:00";0;6,67;0;0;0;0;1,25;0
"2021-11-03 08:25:00";0;34,2;0;0;0;0;0;0
"2021-11-03 08:30:00";0;33,8;0;0;0;0;0;0
"2021-11-03 08:35:00";0;27,83;0;0;0;0;0;0
"2021-11-03 08:40:00";0;24,85;0;0;0;0;0;0
"2021-11-03 08:45:00";0;23,35;0;0;0;0;0;0
"2021-11-03 08:50:00";0;22,25;0;0;0;0;0;0
"2021-11-03 08:55:00";0;11,27;0;0;0;0;0;0
"2021-11-03 09:00:00";0;0;0;0;0;0;24,02;0
"2021-11-03 09:05:00";0;0;0;0;0;0;43,94;8,88
"2021-11-03 09:10:00";0;0;0;0;0;0;42,91;45,33
"2021-11-03 09:15:00";0;0;0;0;0;0;42,21;29,92
"2021-11-03 09:20:00";0;0;0;0;0;0;30,47;17,73
"2021-11-03 09:25:00";0;0;0;0;0;0;23,45;14,6
"2021-11-03 09:30:00";4,94;0;0;0;0;0;23,74;6,64
"2021-11-03 09:35:00";42,68;0;0;0;0;0;0,62;0
"2021-11-03 09:40:00";84,35;0;0;0;0;0;0;0
"2021-11-03 09:45:00";84,95;0;0;0;0;0;0;0
"2021-11-03 09:50:00";39,64;0;0;0;0;0;0;40,04
"2021-11-03 09:55:00";20,05;0;0;0;0;0;0;54,33
"2021-11-03 10:00:00";15,6;0;0;0;0;0;0;54,78
"2021-11-03 10:05:00";5,04;0;0;0;0;0;0;55,99
"2021-11-03 10:10:00";0;0;0;0;0;0;0;57,09
"2021-11-03 10:15:00";0;0;0;0;0;0;0;57,7
"2021-11-03 10:20:00";0;0;0;0;0;0;0;33,86
"2021-11-03 10:25:00";0;0;0;0;0;0;0;24,01
"2021-11-03 10:30:00";0;0;0;0;0;0;0;24,32
"2021-11-03 10:35:00";0;0;0;0;0;0;0;24,57
"2021-11-03 10:40:00";0;0;0;0;0;0;0;24,65
"2021-11-03 10:45:00";0;0;0;0;0;0;0;8,42
"2021-11-03 10:50:00";0;0;0;0;0;0;14,09;0
"2021-11-03 10:55:00";0;0;0;0;0;0;17,38;0
"2021-11-03 11:00:00";0;0;0;0;0;0;13,97;0
"2021-11-03 11:05:00";0;0;0;0;0;0;2,3;0
"2021-11-03 11:10:00";0;0;0;0;0;0;0;0
"2021-11-03 11:15:00";0;0;0;0;0;0;0;0
"2021-11-03 11:20:00";0;0;0;0;0;0;0;0
"2021-11-03 11:25:00";0;0;0;0;0;0;0;0
"2021-11-03 11:30:00";0;0;0;0;0;0;0;0
"2021-11-03 11:35:00";0;0;0;0;0;0;0;0
"2021-11-03 11:40:00";0;0;0;0;0;0;0;0
"2021-11-03 11:45:00";0;0;0;0;0;0;0;0
"2021-11-03 11:50:00";0;0;0;0;0;0;0;0
"2021-11-03 11:55:00";0;0;0;0;0;0;0;0
"2021-11-03 12:00:00";0;0;0;0;0;0;0;0
"2021-11-03 12:05:00";0;0;0;0;0;0;45,39;0
"2021-11-03 12:10:00";0;0;0;0;0;0;50,14;0,47
"2021-11-03 12:15:00";0;0;0;0;0;0;0;63,68
"2021-11-03 12:20:00";0;0;0;0;0;0;0;61,92
"2021-11-03 12:25:00";0;0;0;0;0;0;0;55,19
"2021-11-03 12:30:00";0;0;0;0;0;0;0;49,55
"2021-11-03 12:35:00";0;0;0;0;0;0;0;49,84
"2021-11-03 12:40:00";0;33,38;0;0;0;0;0;33,15
"2021-11-03 12:45:00";0;57,58;0;0;0;0;0;0
"2021-11-03 12:50:00";0;50,92;0;0;0;0;0;0
"2021-11-03 12:55:00";0;49,31;0;0;0;0;0;0
"2021-11-03 13:00:00";0;42,81;0;0;0;0;0;0
"2021-11-03 13:05:00";0;27,96;0;0;0;0;0;0
"2021-11-03 13:10:00";0,52;28,17;0;0;0;0;0;0
"2021-11-03 13:15:00";96,75;18,07;0;0;0;0;0;0
"2021-11-03 13:20:00";93,82;0;0;0;0;0;0;0
"2021-11-03 13:25:00";75,71;0;0;0;0;0;0;0
"2021-11-03 13:30:00";77,21;0;0;0;0;0;0;0
"2021-11-03 13:35:00";69,07;0;0;0;0;0;0;0
"2021-11-03 13:40:00";53,86;0;0;0;0;0;0;0
"2021-11-03 13:45:00";0;0;0;0;0;0;0;0
"2021-11-03 13:50:00";0;0;0;0;0;0;0;0
"2021-11-03 13:55:00";0;0;0;0;0;0;0;0
"2021-11-03 14:00:00";0;0;0;0;0;0;0;0
"2021-11-03 14:05:00";0;0;0;0;0;0;0;0
"2021-11-03 14:10:00";0;0;0;0;0;0;0;0
"2021-11-03 14:15:00";0;0;0;0;0;0;30,77;0
"2021-11-03 14:20:00";0;0;0;0;0;0;0;0
"2021-11-03 14:25:00";0;42,04;0;0;0;0;52,35;0
"2021-11-03 14:30:00";0;57,48;0;0;0;0;70,83;0
"2021-11-03 14:35:00";0;54,16;0;0;0;0;74,48;0
"2021-11-03 14:40:00";0;23,73;0;0;0;0;80,38;0
"2021-11-03 14:45:00";0;0;0;0;0;0;29,17;0
"2021-11-03 14:50:00";0;0;0;0;0;0;0;0
"2021-11-03 14:55:00";0;27,29;0;0;0;0;41,61;0
"2021-11-03 15:00:00";0;90,98;0;0;0;0;70,09;0
"2021-11-03 15:05:00";0;95,58;0;0;0;0;57,02;0
"2021-11-03 15:10:00";0;47,06;0;0;0;0;32,37;0
"2021-11-03 15:15:00";0;0;0;0;0;0;0;0
"2021-11-03 15:20:00";0;2,83;0;0;0;0;0;0
"2021-11-03 15:25:00";0;67,42;0;0;0;0;0;0
"2021-11-03 15:30:00";0;81,4;0;0;0;0;0;0
"2021-11-03 15:35:00";0;94,75;0;0;0;0;0;0
"2021-11-03 15:40:00";0;81,33;0;0;0;0;0;0
"2021-11-03 15:45:00";0;80,18;0;0;0;0;0;0
"2021-11-03 15:50:00";0;48,07;0;0;0;0;0;0
"2021-11-03 15:55:00";0;20,45;0;0;0;0;0;0
"2021-11-03 16:00:00";0;0;0;0;0;0;0;0
"2021-11-03 16:05:00";0;0;0;0;0;0;0;0
"2021-11-03 16:10:00";0;0;0;0;0;0;0;0
"2021-11-03 16:15:00";0;0;0;0;0;0;0;0
"2021-11-03 16:20:00";0;34,27;0;0;0;0;0;0
"2021-11-03 16:25:00";10,15;30,67;0;0;0;0;0,36;0
"2021-11-03 16:30:00";71,43;42,88;0;0;0;0;74,74;0
"2021-11-03 16:35:00";144,18;32,85;0;0;0;0;78,76;0
"2021-11-03 16:40:00";181,13;37,24;0;0;0;0;16,1;0
"2021-11-03 16:45:00";157,65;42,44;0;0;0;0;0;0
"2021-11-03 16:50:00";90,67;47,42;0;0;0;0;0;0
"2021-11-03 16:55:00";71,2;40,92;0;0;0;0;0;0
"2021-11-03 17:00:00";59,18;20,07;0;0;0;0;0;0
"2021-11-03 17:05:00";45,04;0;0;0;0;0;0;0
"2021-11-03 17:10:00";46,31;0;0;0;0;0;0;0
"2021-11-03 17:15:00";43,81;0;0;0;0;0;0;0
"2021-11-03 17:20:00";0;0;0;0;0;0;0;0
"2021-11-03 17:25:00";0;0;0;0;0;0;8,88;0
"2021-11-03 17:30:00";0;0;0;0;0;0;110,92;0
"2021-11-03 17:35:00";0;0;0;0;0;0;197,61;0
"2021-11-03 17:40:00";0;0;0;0;0;0;88,28;0
"2021-11-03 17:45:00";0;0;0;0;0;0;81,57;0
"2021-11-03 17:50:00";0;0;0;0;0;0;83,9;0
"2021-11-03 17:55:00";0;0;0;0;0;0;91,86;0
"2021-11-03 18:00:00";0;0;0;0;0;0;84,6;0
"2021-11-03 18:05:00";0;0;0;0;0;0;20,34;0
"2021-11-03 18:10:00";0;0;0;0;0;0;0;0
"2021-11-03 18:15:00";0;0;0;0;0;0;0;0
"2021-11-03 18:20:00";0;0;0;0;0;0;0;0
"2021-11-03 18:25:00";0;0;0;0;0;0;92,49;0
"2021-11-03 18:30:00";0;0;0;0;0;0;102,21;26,12
"2021-11-03 18:35:00";0;0;0;0;0;0;102,67;76,46
"2021-11-03 18:40:00";0;0;0;0;0;0;108,14;54,87
"2021-11-03 18:45:00";0;0;0;0;0;0;101,37;0
"2021-11-03 18:50:00";0;11,57;0;0;0;0;90,07;0
"2021-11-03 18:55:00";0;30,56;0;0;0;0;1,25;0
"2021-11-03 19:00:00";47,84;25,53;0;0;0;0;0;0
"2021-11-03 19:05:00";31,68;19,21;0;0;0;0;0;0
"2021-11-03 19:10:00";21,77;14,87;0;0;0;0;0;0
"2021-11-03 19:15:00";5,2;10,78;0;0;0;0;0;0
"2021-11-03 19:20:00";0;0;0;0;0;0;0;0
"2021-11-03 19:25:00";0;0;0;0;0;0;0;0
"2021-11-03 19:30:00";0;0;0;0;0;0;0;0
"2021-11-03 19:35:00";0;0;0;0;0;0;0;0
"2021-11-03 19:40:00";0;0;0;0;0;0;0;0
"2021-11-03 19:45:00";0;0;0;0;0;0;0;0
"2021-11-03 19:50:00";0;0;0;0;0;0;0;0
"2021-11-03 19:55:00";0;0;0;0;0;0;0;0
"2021-11-03 20:00:00";0;0;0;0;0;0;0;0
"2021-11-03 20:05:00";0;0;0;0;0;0;0;0
"2021-11-03 20:10:00";0;0;0;0;0;0;0;0
"2021-11-03 20:15:00";0;0;0;0;0;0;0;0
"2021-11-03 20:20:00";0;0;0;0;0;0;0;0
"2021-11-03 20:25:00";0;0;0;0;0;0;0;0
"2021-11-03 20:30:00";0;0;0;0;0;0;0;0
"2021-11-03 20:35:00";0;0;0;0;0;0;0;0
"2021-11-03 20:40:00";0;0;0;0;0;0;0;0
"2021-11-03 20:45:00";0;0;0;0;0;0;0;0
"2021-11-03 20:50:00";0;0;0;0;0;0;0;0
"2021-11-03 20:55:00";0;0;0;0;0;0;0;0
"2021-11-03 21:00:00";0;0;0;0;0;0;0;0
"2021-11-03 21:05:00";0;0;0;0;0;0;0;0
"2021-11-03 21:10:00";0;0;0;0;0;0;0;0
"2021-11-03 21:15:00";0;0;0;0;0;0;0;0
"2021-11-03 21:20:00";0;0;0;0;0;0;0;0
"2021-11-03 21:25:00";0;0;0;0;0;0;0;0
"2021-11-03 21:30:00";0;0;0;0;0;0;0;0
"2021-11-03 21:35:00";0;0;0;0;0;0;0;0
"2021-11-03 21:40:00";0;0;0;0;0;0;0;0
"2021-11-03 21:45:00";0;0;0;0;0;0;0;0
"2021-11-03 21:50:00";0;0;0;0;0;0;0;0
"2021-11-03 21:55:00";0;0;0;0;0;0;0;0
"2021-11-03 22:00:00";0;0;0;0;0;0;0;0
"2021-11-03 22:05:00";0;0;0;0;0;0;0;0
"2021-11-03 22:10:00";0;0;0;0;0;0;0;0
"2021-11-03 22:15:00";0;0;0;0;0;0;0;9,51
"2021-11-03 22:20:00";0;0;0;0;0;0;0;112,56
"2021-11-03 22:25:00";0;0;0;0;0;0;49,52;65,71
"2021-11-03 22:30:00";0;0;0;0;0;0;106,02;0
"2021-11-03 22:35:00";0;0;0;0;0;0;105,73;0
"2021-11-03 22:40:00";0;0;0;0;0;0;18,6;0
"2021-11-03 22:45:00";0;0;0;0;0;0;0;0
"2021-11-03 22:50:00";0;0;0;0;0;0;0;0
"2021-11-03 22:55:00";0;0;0;0;0;0;0;0
"2021-11-03 23:00:00";0;0;0;0;0;0;0;0
"2021-11-03 23:05:00";0;0;0;0;0;0;0;0
"2021-11-03 23:10:00";0;0;0;0;0;0;0;0
"2021-11-03 23:15:00";0;0;0;0;0;0;26,52;0
"2021-11-03 23:20:00";0;0;0;0;0;0;34,64;0
"2021-11-03 23:25:00";0;0;0;0;0;0;18,36;0
"2021-11-03 23:30:00";0;0;0;0;0;0;15,94;131,45
"2021-11-03 23:35:00";0;0;0;0;0;0;8,72;179,67
"2021-11-03 23:40:00";0;0;0;0;0;0;5,33;28,59
"2021-11-03 23:45:00";0;0;0;0;0;0;2,05;0
"2021-11-03 23:50:00";0;0;0;0;0;0;0;0
"2021-11-03 23:55:00";0;0;0;0;0;0;0;0
"2021-11-04 00:00:00";0;0;0;0;0;0;0;0
"2021-11-04 00:05:00";0;0;0;0;0;0;0;0
"2021-11-04 00:10:00";0;0;0;0;0;0;0;0
"2021-11-04 00:15:00";0;0;0;0;0;0;0;0
"2021-11-04 00:20:00";0;0;0;0;0;0;0;0
"2021-11-04 00:25:00";0;0;0;0;0;0;0;0
"2021-11-04 00:30:00";0;0;0;0;0;0;0;0
"2021-11-04 00:35:00";0;0;0;0;0;0;0;0
"2021-11-04 00:40:00";0;0;0;0;0;0;0;0
"2021-11-04 00:45:00";0;0;0;0;0;0;0;0
"2021-11-04 00:50:00";0;0;0;0;0;0;0;0
"2021-11-04 00:55:00";0;0;0;0;0;0;0;0
"2021-11-04 01:00:00";0;0;0;0;0;0;0;0
"2021-11-04 01:05:00";0;0;0;0;0;0;0;0
"2021-11-04 01:10:00";0;0;0;0;0;0;0;0
"2021-11-04 01:15:00";0;0;0;0;0;0;0;0
"2021-11-04 01:20:00";0;0;0;0;0;0;0;0
"2021-11-04 01:25:00";0;0;0;0;0;0;0;0
"2021-11-04 01:30:00";0;0;0;0;0;0;0;0
"2021-11-04 01:35:00";0;0;0;0;0;0;0;0
"2021-11-04 01:40:00";0;0;0;0;0;0;0;0
"2021-11-04 01:45:00";0;0;0;0;0;0;0;0
"2021-11-04 01:50:00";0;0;0;0;0;0;0;0
"2021-11-04 01:55:00";0;0;0;0;0;0;0;0
"2021-11-04 02:00:00";0;0;0;0;0;0;0;0
"2021-11-04 02:05:00";0;0;0;0;0;0;0;0
"2021-11-04 02:10:00";0;0;0;0;0;0;0;0
"2021-11-04 02:15:00";0;0;0;0;0;0;0;0
"2021-11-04 02:20:00";0;0;0;0;0;0;0;0
"2021-11-04 02:25:00";0;0;0;0;0;0;0;0
"2021-11-04 02:30:00";0;0;0;0;0;0;0;0
"2021-11-04 02:35:00";0;0;0;0;0;0;0;0
"2021-11-04 02:40:00";0;0;0;0;0;0;0;0
"2021-11-04 02:45:00";0;0;0;0;0;0;0;0
"2021-11-04 02:50:00";0;0;0;0;0;0;0;0
"2021-11-04 02:55:00";0;0;0;0;0;0;0;0
"2021-11-04 03:00:00";0;0;0;0;0;0;0;0
"2021-11-04 03:05:00";0;0;0;0;0;0;0;0
"2021-11-04 03:10:00";0;0;0;0;0;0;0;0
"2021-11-04 03:15:00";0;0;0;0;0;0;0;0
"2021-11-04 03:20:00";0;0;0;0;0;0;0;0
"2021-11-04 03:25:00";0;0;0;0;0;0;0;0
"2021-11-04 03:30:00";0;0;0;0;0;0;0;0
"2021-11-04 03:35:00";0;0;0;0;0;0;0;0
"2021-11-04 03:40:00";0;0;0;0;0;0;0;0
"2021-11-04 03:45:00";0;0;0;0;0;0;0;0
"2021-11-04 03:50:00";0;0;0;0;0;0;0;0
"2021-11-04 03:55:00";0;0;0;0;0;0;0;0
"2021-11-04 04:00:00";0;0;0;0;0;0;0;0
"2021-11-04 04:05:00";0;0;0;0;0;0;0;0
"2021-11-04 04:10:00";0;0;0;0;0;0;0;0
"2021-11-04 04:15:00";0;0;0;0;0;0;0;0
"2021-11-04 04:20:00";0;0;0;0;0;0;0;0
"2021-11-04 04:25:00";0;0;0;0;0;0;0;0
"2021-11-04 04:30:00";0;0;0;0;0;0;0;0
"2021-11-04 04:35:00";0;0;0;0;0;0;0;0
"2021-11-04 04:40:00";0;0;0;0;0;0;0;0
"2021-11-04 04:45:00";0;0;0;0;0;0;0;0
"2021-11-04 04:50:00";0;0;0;0;0;0;0;0
"2021-11-04 04:55:00";0;0;0;0;0;0;0;0
"2021-11-04 05:00:00";0;0;0;0;0;0;0;0
"2021-11-04 05:05:00";0;0;0;0;0;0;0;0
"2021-11-04 05:10:00";0;0;0;0;0;0;0;0
"2021-11-04 05:15:00";0;0;0;0;0;0;0;0
"2021-11-04 05:20:00";0;0;0;0;0;0;0;0
"2021-11-04 05:25:00";0;0;0;0;0;0;0;0
"2021-11-04 05:30:00";0;0;0;0;0;0;0;0
"2021-11-04 05:35:00";0;0;0;0;0;0;0;0
"2021-11-04 05:40:00";0;0;0;0;0;0;0;0
"2021-11-04 05:45:00";0;0;0;0;0;0;0;0
"2021-11-04 05:50:00";0;0;0;0;0;0;0;0
"2021-11-04 05:55:00";0;0;0;0;0;0;0;0
"2021-11-04 06:00:00";0;0;0;0;0;0;0;0
"2021-11-04 06:05:00";0;0;0;0;0;0;0;0
"2021-11-04 06:10:00";0;0;0;0;0;0;0;0
"2021-11-04 06:15:00";0;0;0;0;0;0;0;0
"2021-11-04 06:20:00";0;0;0;0;0;0;0;0
"2021-11-04 06:25:00";0;0;0;0;0;0;0;0
"2021-11-04 06:30:00";0;0;0;0;0;0;0;0
"2021-11-04 06:35:00";0;0;0;0;0;0;0;0
"2021-11-04 06:40:00";0;0;0;0;0;0;0;0
"2021-11-04 06:45:00";0;0;0;0;0;0;0;0
"2021-11-04 06:50:00";0;0;0;0;0;0;0;0
"2021-11-04 06:55:00";0;0;0;0;0;0;0;0
"2021-11-04 07:00:00";0;0;0;0;0;0;0;0
"2021-11-04 07:05:00";0;0;0;0;0;0;47,83;0
"2021-11-04 07:10:00";0;0;0;0;0;0;93,95;0
"2021-11-04 07:15:00";0;0;0;0;0;0;91,38;0
"2021-11-04 07:20:00";0;0;0;0;0;0;65,5;0
"2021-11-04 07:25:00";0;0;0;0;0;0;0;0
"2021-11-04 07:30:00";0;0;0;0;0;0;0;0
"2021-11-04 07:35:00";0;0;0;0;0;0;0;0
"2021-11-04 07:40:00";0;0;0;0;0;0;0;0
"2021-11-04 07:45:00";0;0;0;0;0;0;0;0
"2021-11-04 07:50:00";0;0;0;0;0;0;0;0
"2021-11-04 07:55:00";0;0;0;0;0;0;0;0
"2021-11-04 08:00:00";0;0;0;0;0;0;0;0
"2021-11-04 08:05:00";0;0;0;0;0;0;0;0
"2021-11-04 08:10:00";0;0;0;0;0;0;0;0
"2021-11-04 08:15:00";0;29,02;0;0;0;0;0;0
"2021-11-04 08:20:00";0;93,04;0;0;0;0;0;0
"2021-11-04 08:25:00";0;89,63;0;0;0;0;0;0
"2021-11-04 08:30:00";0;72,25;0;0;0;0;0;0
"2021-11-04 08:35:00";0;69,1;0;0;0;0;0;0
"2021-11-04 08:40:00";0;60,62;0;0;0;0;0;0
"2021-11-04 08:45:00";0;0;0;0;0;0;0;0
"2021-11-04 08:50:00";0;0;0;0;0;0;0;0
"2021-11-04 08:55:00";0;0;0;0;0;0;14,78;0
"2021-11-04 09:00:00";0;0;0;0;0;0;36,79;16,52
"2021-11-04 09:05:00";0;0;0;0;0;0;40,09;23,6
"2021-11-04 09:10:00";0;0;0;0;0;0;40,55;23,68
"2021-11-04 09:15:00";0;0;0;0;0;0;0;23,79
"2021-11-04 09:20:00";0;0;0;0;0;0;0;24,03
"2021-11-04 09:25:00";0;0;0;0;0;0;0;5,23
"2021-11-04 09:30:00";0;0;0;0;0;0;0;0
"2021-11-04 09:35:00";0;0;0;0;0;0;0;0
"2021-11-04 09:40:00";0;0;0;0;0;0;0;0
"2021-11-04 09:45:00";0;0;0;0;0;0;0;0
"2021-11-04 09:50:00";0;0;0;0;0;0;0;0
"2021-11-04 09:55:00";0;0;0;0;0;0;0;0
"2021-11-04 10:00:00";0;0;0;0;0;0;0,08;0
"2021-11-04 10:05:00";0;0;0;0;0;0;37,01;0
"2021-11-04 10:10:00";29,7;7,83;0;0;0;0;49,1;0
"2021-11-04 10:15:00";49,46;30,83;0;0;0;0;91,8;0
"2021-11-04 10:20:00";57,05;27,06;0;0;0;0;105,07;0
"2021-11-04 10:25:00";60,86;21,33;0;0;0;0;111,49;0
"2021-11-04 10:30:00";59,84;16,31;0;0;0;0;74,67;0
"2021-11-04 10:35:00";56,84;11,82;0;0;0;0;74,59;0
"2021-11-04 10:40:00";55,12;5,35;0;0;0;0;51,61;0
"2021-11-04 10:45:00";33,14;0;0;0;0;0;0;0
"2021-11-04 10:50:00";60,19;0;0;0;0;0;0;0
"2021-11-04 10:55:00";54,73;0;0;0;0;0;0;0
"2021-11-04 11:00:00";4,58;0;0;0;0;0;0;0
"2021-11-04 11:05:00";0;0;0;0;0;0;0;0
"2021-11-04 11:10:00";0;0;0;0;0;0;0;0
"2021-11-04 11:15:00";0;0;0;0;0;0;0;0
"2021-11-04 11:20:00";0;0;0;0;0;0;0;0
"2021-11-04 11:25:00";0;0;0;0;0;0;0;0
"2021-11-04 11:30:00";0;0;0;0;0;0;0;0
"2021-11-04 11:35:00";0;0;0;0;0;0;0;0
"2021-11-04 11:40:00";0;0;0;0;0;0;0;0
"2021-11-04 11:45:00";0;0;0;0;0;0;0;0
"2021-11-04 11:50:00";0;25,63;0;0;0;0;0;0
"2021-11-04 11:55:00";0;40,57;0;0;0;0;0;0
"2021-11-04 12:00:00";0;40,88;0;0;0;0;0;0
"2021-11-04 12:05:00";0;39,36;0;0;0;0;0;0
"2021-11-04 12:10:00";0;71,74;0;0;0;0;0;6,7
"2021-11-04 12:15:00";0;106,41;0;0;0;0;23,55;23,85
"2021-11-04 12:20:00";0;92,81;0;0;0;0;56,47;4,57
"2021-11-04 12:25:00";0;86,73;0;0;0;0;55,19;0
"2021-11-04 12:30:00";0;88,05;0;0;0;0;52,5;0
"2021-11-04 12:35:00";0;81,6;0;0;0;0;46,34;0
"2021-11-04 12:40:00";0;80,03;0;0;0;0;29,43;1,99
"2021-11-04 12:45:00";0;66,6;0;0;0;0;0;58,25
"2021-11-04 12:50:00";0;56,61;0;0;0;0;0;56,68
"2021-11-04 12:55:00";0;8,97;0;0;0;0;0;60,29
"2021-11-04 13:00:00";0;0;0;0;0;0;0;56,95
"2021-11-04 13:05:00";0;0;0;0;0;0;0;48,28
"2021-11-04 13:10:00";0;0;0;0;0;0;0;46,82
"2021-11-04 13:15:00";0;0;0;0;0;0;0;19,29
"2021-11-04 13:20:00";0;0;0;0;0;0;0;0
"2021-11-04 13:25:00";0;0;0;0;0;0;0;0
"2021-11-04 13:30:00";0;0;0;0;0;0;0;0
"2021-11-04 13:35:00";0;0;0;0;0;0;2,99;0
"2021-11-04 13:40:00";0;0;0;0;0;0;40,92;0
"2021-11-04 13:45:00";0;29,57;0;0;0;0;37,41;0
"2021-11-04 13:50:00";0;42;0;0;0;0;25,66;0
"2021-11-04 13:55:00";0;42,66;0;0;0;0;23,27;0
"2021-11-04 14:00:00";0;33,8;0;0;0;0;23,38;0
"2021-11-04 14:05:00";0;14,08;0;0;0;0;23,47;0
"2021-11-04 14:10:00";0;0;0;0;0;0;23,68;0
"2021-11-04 14:15:00";0;0;0;0;0;0;23,88;0
"2021-11-04 14:20:00";1,2;0;0;0;0;0;5,12;0
"2021-11-04 14:25:00";24,43;0;0;0;0;0;0;26,49
"2021-11-04 14:30:00";24,28;0;0;0;0;0;0,22;23,79
"2021-11-04 14:35:00";25,31;0;0;0;0;0;80,27;23,94
"2021-11-04 14:40:00";29,89;0;0;0;0;0;80,12;23,77
"2021-11-04 14:45:00";2,63;0;0;0;0;0;82,08;10,41
"2021-11-04 14:50:00";22,13;0;0;0;0;0;82,85;0
"2021-11-04 14:55:00";55,13;0;0;0;0;0;83,62;0
"2021-11-04 15:00:00";59,41;0;0;0;0;0;77,57;0
"2021-11-04 15:05:00";56,09;21,33;0;0;0;0;18,1;0
"2021-11-04 15:10:00";54,53;66,21;0;0;0;0;0;0
"2021-11-04 15:15:00";53,11;61,29;0;0;0;0;0;0
"2021-11-04 15:20:00";52,47;17,09;0;0;0;0;0;0
"2021-11-04 15:25:00";24,98;0;0;0;0;0;0;0
"2021-11-04 15:30:00";24,82;20,95;0;0;0;0;0;0
"2021-11-04 15:35:00";26,22;26,08;0;0;0;0;0;0
"2021-11-04 15:40:00";28,04;25,17;0;0;0;0;0;28,16
"2021-11-04 15:45:00";31,85;25,82;0;0;0;0;0;57,88
"2021-11-04 15:50:00";36,99;27,54;0;0;0;0;0;59,71
"2021-11-04 15:55:00";42,4;24,22;0;0;0;0;0;24,91
"2021-11-04 16:00:00";46,9;18,85;0;0;0;0;50,36;0
"2021-11-04 16:05:00";50,68;15,82;0;0;0;0;85,3;0
"2021-11-04 16:10:00";53,16;2,79;0;0;0;0;72,96;0
"2021-11-04 16:15:00";53,83;0;0;0;0;0;67,5;0
"2021-11-04 16:20:00";52,82;0;0;0;0;0;63,11;0
"2021-11-04 16:25:00";49,71;0;0;0;0;0;46,03;0
"2021-11-04 16:30:00";45,11;0;0;0;0;0;0;60,83
"2021-11-04 16:35:00";38,55;0;0;0;0;0;0;46,59
"2021-11-04 16:40:00";48,03;0;0;0;0;0;0;0
"2021-11-04 16:45:00";44,28;0;0;0;0;0;0;0
"2021-11-04 16:50:00";30,21;0;0;0;0;0;0;0
"2021-11-04 16:55:00";29,02;0;0;0;0;0;0;0
"2021-11-04 17:00:00";0;86,12;0;0;0;0;0;0
"2021-11-04 17:05:00";0;93,84;0;0;0;0;0;0
"2021-11-04 17:10:00";13,28;38,85;0;0;0;0;0;0
"2021-11-04 17:15:00";111,45;0;0;0;0;0;0;12,19
"2021-11-04 17:20:00";114,52;0;0;0;0;0;0;103,83
"2021-11-04 17:25:00";87,96;0;0;0;0;0;0;83,3
"2021-11-04 17:30:00";65,84;0;0;0;0;0;0;61
"2021-11-04 17:35:00";46,63;0;0;0;0;0;0;45,04
"2021-11-04 17:40:00";0;0;0;0;0;0;0;1,52
"2021-11-04 17:45:00";0;0;0;0;0;0;0;0
"2021-11-04 17:50:00";0;0;0;0;0;0;0;0
"2021-11-04 17:55:00";0;0;0;0;0;0;27,91;0
"2021-11-04 18:00:00";0;0;0;0;0;0;58,86;7,6
"2021-11-04 18:05:00";35,56;0;0;0;0;0;56,04;38,7
"2021-11-04 18:10:00";52,85;0;0;0;0;0;42,9;39,13
"2021-11-04 18:15:00";61,04;0;0;0;0;0;0;39,29
"2021-11-04 18:20:00";68,03;0;0;0;0;0;0;37,58
"2021-11-04 18:25:00";67,62;0;0;0;0;0;0;34,22
"2021-11-04 18:30:00";18,72;0;0;0;0;0;2,66;19,6
"2021-11-04 18:35:00";0;0;0;0;0;0;26,03;32,46
"2021-11-04 18:40:00";14,27;0;0;0;0;0;19,49;32,04
"2021-11-04 18:45:00";91,98;0;0;0;0;0;15,88;27,91
"2021-11-04 18:50:00";99,15;20,91;0;0;0;0;12,89;23,3
"2021-11-04 18:55:00";94,04;112,94;0;0;0;0;10,39;14,34
"2021-11-04 19:00:00";86,79;137,5;0;0;0;0;8,27;0
"2021-11-04 19:05:00";82,1;148,16;0;0;0;0;6,28;0
"2021-11-04 19:10:00";66,69;85,85;0;0;0;0;4,62;0
"2021-11-04 19:15:00";52,02;0;0;0;0;0;3,3;0
"2021-11-04 19:20:00";0;0;0;0;0;0;2,33;0
"2021-11-04 19:25:00";0;0;0;0;0;0;1,69;0
"2021-11-04 19:30:00";0;0;0;0;0;0;0,81;40,4
"2021-11-04 19:35:00";0;0;0;0;0;0;0;103,64
"2021-11-04 19:40:00";0;0;0;0;0;0;0;102,96
"2021-11-04 19:45:00";0;37,75;0;0;0;0;0;106,03
"2021-11-04 19:50:00";0;184,73;0;0;0;0;0,97;102,68
"2021-11-04 19:55:00";0;159,01;0;0;0;0;98,81;78,98
"2021-11-04 20:00:00";0;107,39;0;0;0;0;96,57;0,09
"2021-11-04 20:05:00";0;1,21;0;0;0;0;101,88;93,06
"2021-11-04 20:10:00";0;0;0;0;0;0;101,88;79,34
"2021-11-04 20:15:00";0;0;0;0;0;0;62,15;67,29
"2021-11-04 20:20:00";0;0;0;0;0;0;0;62,55
"2021-11-04 20:25:00";0;0;0;0;0;0;0;61,5
"2021-11-04 20:30:00";0;0;0;0;0;0;0;8,18
"2021-11-04 20:35:00";0;0;0;0;0;0;0;0
"2021-11-04 20:40:00";0;0;0;0;0;0;0;0
"2021-11-04 20:45:00";0;0;0;0;0;0;0;0
"2021-11-04 20:50:00";0;0;0;0;0;0;0;0
"2021-11-04 20:55:00";0;0;0;0;0;0;0;0
"2021-11-04 21:00:00";0;0;0;0;0;0;0;0
"2021-11-04 21:05:00";0;0;0;0;0;0;0;0
"2021-11-04 21:10:00";0;0;0;0;0;0;0;0
"2021-11-04 21:15:00";0;0;0;0;0;0;0;0
"2021-11-04 21:20:00";0;0;0;0;0;0;0;0
"2021-11-04 21:25:00";0;0;0;0;0;0;0;0
"2021-11-04 21:30:00";0;0;0;0;0;0;0;0
"2021-11-04 21:35:00";0;0;0;0;0;0;0;0
"2021-11-04 21:40:00";0;0;0;0;0;0;0;0
"2021-11-04 21:45:00";0;0;0;0;0;0;0;0
"2021-11-04 21:50:00";0;0;0;0;0;0;0;0
"2021-11-04 21:55:00";0;0;0;0;0;0;0;0
"2021-11-04 22:00:00";0;0;0;0;0;0;0;0
"2021-11-04 22:05:00";0;0;0;0;0;0;0;0
"2021-11-04 22:10:00";0;0;0;0;0;0;0;0
"2021-11-04 22:15:00";50,86;0;0;0;0;0;0;0
"2021-11-04 22:20:00";111,23;0;0;0;0;0;0;0
"2021-11-04 22:25:00";137,24;0;0;0;0;0;0;0
"2021-11-04 22:30:00";148,36;0;0;0;0;0;0;0
"2021-11-04 22:35:00";129,66;0;0;0;0;0;0;0
"2021-11-04 22:40:00";0;0;0;0;0;0;0;0
"2021-11-04 22:45:00";0;0;0;0;0;0;0;0
"2021-11-04 22:50:00";0;0;0;0;0;0;0;0
"2021-11-04 22:55:00";0;0;0;0;0;0;0;0
"2021-11-04 23:00:00";0;0;0;0;0;0;0;0
"2021-11-04 23:05:00";0;0;0;0;0;0;0;0
"2021-11-04 23:10:00";0;0;0;0;0;0;0;0
"2021-11-04 23:15:00";0;0;0;0;0;0;0;0
"2021-11-04 23:20:00";0;0;0;0;0;0;0;0
"2021-11-04 23:25:00";0;0;0;0;0;0;0;0
"2021-11-04 23:30:00";0;0;0;0;0;0;0;0
"2021-11-04 23:35:00";0;0;0;0;0;0;0;0
"2021-11-04 23:40:00";0;0;0;0;0;0;0;0
"2021-11-04 23:45:00";0;0;0;0;0;0;0;0
"2021-11-04 23:50:00";0;0;0;0;0;0;0;0
"2021-11-04 23:55:00";8,05;0;0;0;0;0;0;0
"2021-11-05 00:00:00";29,47;0;0;0;0;0;0;0
"2021-11-05 00:05:00";15,2;0;0;0;0;0;0;0
"2021-11-05 00:10:00";0;0;0;0;0;0;0;0
"2021-11-05 00:15:00";0;0;0;0;0;0;0;0
"2021-11-05 00:20:00";0;0;0;0;0;0;0;0
"2021-11-05 00:25:00";0;0;0;0;0;0;0;0
"2021-11-05 00:30:00";0;0;0;0;0;0;0;0
"2021-11-05 00:35:00";0;0;0;0;0;0;0;0
"2021-11-05 00:40:00";0;0;0;0;0;0;0;0
"2021-11-05 00:45:00";0;0;0;0;0;0;0;0
"2021-11-05 00:50:00";0;0;0;0;0;0;0;0
"2021-11-05 00:55:00";0;0;0;0;0;0;0;0
"2021-11-05 01:00:00";0;0;0;0;0;0;0;0
"2021-11-05 01:05:00";0;0;0;0;0;0;0;0
"2021-11-05 01:10:00";0;0;0;0;0;0;0;0
"2021-11-05 01:15:00";0;0;0;0;0;0;0;0
"2021-11-05 01:20:00";0;0;0;0;0;0;0;0
"2021-11-05 01:25:00";0;0;0;0;0;0;0;0
"2021-11-05 01:30:00";0;0;0;0;0;0;0;0
"2021-11-05 01:35:00";0;0;0;0;0;0;0;0
"2021-11-05 01:40:00";0;0;0;0;0;0;0;0
"2021-11-05 01:45:00";0;0;0;0;0;0;0;0
"2021-11-05 01:50:00";0;0;0;0;0;0;0;0
"2021-11-05 01:55:00";0;0;0;0;0;0;0;0
"2021-11-05 02:00:00";0;0;0;0;0;0;0;0
"2021-11-05 02:05:00";0;0;0;0;0;0;0;0
"2021-11-05 02:10:00";0;0;0;0;0;0;0;0
"2021-11-05 02:15:00";0;0;0;0;0;0;0;0
"2021-11-05 02:20:00";0;0;0;0;0;0;0;0
"2021-11-05 02:25:00";0;0;0;0;0;0;0;0
"2021-11-05 02:30:00";0;0;0;0;0;0;0;0
"2021-11-05 02:35:00";0;0;0;0;0;0;0;0
"2021-11-05 02:40:00";0;0;0;0;0;0;0;0
"2021-11-05 02:45:00";0;0;0;0;0;0;0;0
"2021-11-05 02:50:00";0;0;0;0;0;0;0;0
"2021-11-05 02:55:00";0;0;0;0;0;0;0;0
"2021-11-05 03:00:00";0;0;0;0;0;0;0;0
"2021-11-05 03:05:00";0;0;0;0;0;0;0;0
"2021-11-05 03:10:00";0;0;0;0;0;0;0;0
"2021-11-05 03:15:00";0;0;0;0;0;0;0;0
"2021-11-05 03:20:00";0;0;0;0;0;0;0;0
"2021-11-05 03:25:00";0;0;0;0;0;0;0;0
"2021-11-05 03:30:00";0;0;0;0;0;0;0;0
"2021-11-05 03:35:00";0;0;0;0;0;0;0;0
"2021-11-05 03:40:00";0;0;0;0;0;0;0;0
"2021-11-05 03:45:00";0;0;0;0;0;0;0;0
"2021-11-05 03:50:00";0;0;0;0;0;0;0;0
"2021-11-05 03:55:00";0;0;0;0;0;0;0;0
"2021-11-05 04:00:00";0;0;0;0;0;0;0;0
"2021-11-05 04:05:00";0;0;0;0;0;0;0;0
"2021-11-05 04:10:00";0;0;0;0;0;0;0;0
"2021-11-05 04:15:00";0;0;0;0;0;0;0;0
"2021-11-05 04:20:00";0;0;0;0;0;0;0;0
"2021-11-05 04:25:00";0;0;0;0;0;0;0;0
"2021-11-05 04:30:00";0;0;0;0;0;0;0;0
"2021-11-05 04:35:00";0;0;0;0;0;0;0;0
"2021-11-05 04:40:00";0;0;0;0;0;0;0;0
"2021-11-05 04:45:00";0;0;0;0;0;0;0;0
"2021-11-05 04:50:00";0;0;0;0;0;0;0;0
"2021-11-05 04:55:00";0;0;0;0;0;0;0;0
"2021-11-05 05:00:00";0;0;0;0;0;0;0;0
"2021-11-05 05:05:00";0;0;0;0;0;0;0;0
"2021-11-05 05:10:00";0;0;0;0;0;0;0;0
"2021-11-05 05:15:00";0;0;0;0;0;0;0;0
"2021-11-05 05:20:00";0;0;0;0;0;0;0;0
"2021-11-05 05:25:00";0;0;0;0;0;0;0;0
"2021-11-05 05:30:00";0;0;0;0;0;0;0;0
"2021-11-05 05:35:00";0;0;0;0;0;0;0;0
"2021-11-05 05:40:00";0;0;0;0;0;0;0;0
"2021-11-05 05:45:00";0;0;0;0;0;0;0;0
"2021-11-05 05:50:00";0;0;0;0;0;0;0;0
"2021-11-05 05:55:00";0;0;0;0;0;0;0;0
"2021-11-05 06:00:00";0;0;0;0;0;0;0;0
"2021-11-05 06:05:00";0;0;0;0;0;0;0;0
"2021-11-05 06:10:00";0;0;0;0;0;0;0;0
"2021-11-05 06:15:00";0;0;0;0;0;0;19,6;0
"2021-11-05 06:20:00";0;0;0;0;0;0;89,24;0
"2021-11-05 06:25:00";0;0;0;0;0;0;107,84;31,39
"2021-11-05 06:30:00";0;0;0;0;0;0;127,19;61,84
"2021-11-05 06:35:00";0;0;0;0;0;0;137,43;62,19
"2021-11-05 06:40:00";0;0;0;0;0;0;82,61;55,16
"2021-11-05 06:45:00";0;0;0;0;0;0;0;48,42
"2021-11-05 06:50:00";0;0;0;0;0;0;0;38,69
"2021-11-05 06:55:00";0;0;0;0;0;0;0;0
"2021-11-05 07:00:00";0;0;0;0;0;0;0;0
"2021-11-05 07:05:00";0;0;0;0;0;0;0;0
"2021-11-05 07:10:00";0;0;0;0;0;0;0;0
"2021-11-05 07:15:00";0;0;0;0;0;0;0;0
"2021-11-05 07:20:00";0;0;0;0;0;0;0;0
"2021-11-05 07:25:00";0;0;0;0;0;0;0;0
"2021-11-05 07:30:00";0;0;0;0;0;0;0;0
"2021-11-05 07:35:00";0;0;0;0;0;0;0;0
"2021-11-05 07:40:00";0;0;0;0;0;0;0;0
"2021-11-05 07:45:00";0;0;0;0;0;0;0;0
"2021-11-05 07:50:00";0;0;0;0;0;0;0;0
"2021-11-05 07:55:00";0;0;0;0;0;0;22,58;0
"2021-11-05 08:00:00";0;0;0;0;0;0;20,47;0
"2021-11-05 08:05:00";0;0;0;0;0;0;12,6;0
"2021-11-05 08:10:00";0;0;0;0;0;0;8,25;0
"2021-11-05 08:15:00";0;0;0;0;0;0;9,38;0
"2021-11-05 08:20:00";0;0;0;0;0;0;0;0
"2021-11-05 08:25:00";0;0;0;0;0;0;0;0
"2021-11-05 08:30:00";0;0;0;0;0;0;0;0
"2021-11-05 08:35:00";0;0;0;0;0;0;0;0
"2021-11-05 08:40:00";0;0;0;0;0;0;0;0
"2021-11-05 08:45:00";0;0;0;0;0;0;0;0
"2021-11-05 08:50:00";0;0;0;0;0;0;0;0
"2021-11-05 08:55:00";0;0;0;0;0;0;0;0
"2021-11-05 09:00:00";0;0;0;0;0;0;0;0
"2021-11-05 09:05:00";0;0;0;0;0;0;0;0
"2021-11-05 09:10:00";0;0;0;0;0;0;0;0
"2021-11-05 09:15:00";0;0;0;0;0;0;0;0
"2021-11-05 09:20:00";0;0;0;0;0;0;0;0
"2021-11-05 09:25:00";0;0;0;0;0;0;0;0
"2021-11-05 09:30:00";0;0;0;0;0;0;0;26,62
"2021-11-05 09:35:00";0;0;0;0;0;0;0;93,5
"2021-11-05 09:40:00";0;0;0;0;0;0;0;96,79
"2021-11-05 09:45:00";0;0;0;0;0;0;0;92,57
"2021-11-05 09:50:00";0;0;0;0;0;0;0;89,12
"2021-11-05 09:55:00";0;0;0;0;0;0;0;64,41
"2021-11-05 10:00:00";0;0;0;0;0;0;0;0
"2021-11-05 10:05:00";0;0;0;0;0;0;0;0
"2021-11-05 10:10:00";0;0;0;0;0;0;0;0
"2021-11-05 10:15:00";0;0;0;0;0;0;0;0
"2021-11-05 10:20:00";0;0;0;0;0;0;0;0
"2021-11-05 10:25:00";0;0;0;0;0;0;0;0
"2021-11-05 10:30:00";85,89;0;0;0;0;0;0;5,99
"2021-11-05 10:35:00";150,42;0;0;0;0;0;0;42,7
"2021-11-05 10:40:00";111,16;0;0;0;0;0;0;43,54
"2021-11-05 10:45:00";76,51;0;0;0;0;0;0;1,3
"2021-11-05 10:50:00";71,69;0;0;0;0;0;0;0
"2021-11-05 10:55:00";57,64;0;0;0;0;0;0;0
"2021-11-05 11:00:00";0;0;0;0;0;0;0;0
"2021-11-05 11:05:00";0;0;0;0;0;0;0;0
"2021-11-05 11:10:00";0;2,54;0;0;0;0;0;0
"2021-11-05 11:15:00";0;70;0;0;0;0;21,21;0
"2021-11-05 11:20:00";0;64,1;0;0;0;0;63,25;0
"2021-11-05 11:25:00";0;22,13;0;0;0;0;64,72;0
"2021-11-05 11:30:00";0;0;0;0;0;0;68,75;0
"2021-11-05 11:35:00";0;0;0;0;0;0;74,08;19,13
"2021-11-05 11:40:00";0;0;0;0;0;0;79,19;43,4
"2021-11-05 11:45:00";0;0;0;0;0;0;77,99;51,16
"2021-11-05 11:50:00";0;0;0;0;0;0;31,62;53,5
"2021-11-05 11:55:00";0;0;0;0;0;0;0;41,94
"2021-11-05 12:00:00";34,45;0;0;0;0;0;0;41,36
"2021-11-05 12:05:00";39,08;0;0;0;0;0;0;0
"2021-11-05 12:10:00";24,89;0;0;0;0;0;0;0
"2021-11-05 12:15:00";9,61;0;0;0;0;0;0;0
"2021-11-05 12:20:00";0;0;0;0;0;0;0;0
"2021-11-05 12:25:00";0;0;0;0;0;0;0;0
"2021-11-05 12:30:00";0;0;0;0;0;0;0;0
"2021-11-05 12:35:00";0;0;0;0;0;0;0;0
"2021-11-05 12:40:00";0;0;0;0;0;0;0;0
"2021-11-05 12:45:00";0;0;0;0;0;0;0;3,6
"2021-11-05 12:50:00";0;0;0;0;0;0;0;14,22
"2021-11-05 12:55:00";0;0;0;0;0;0;0;5,9
"2021-11-05 13:00:00";0;11,18;0;0;0;0;0;16,03
"2021-11-05 13:05:00";0;10,61;0;0;0;0;0;10,79
"2021-11-05 13:10:00";0;0;0;0;0;0;24,22;0
"2021-11-05 13:15:00";0;0;0;0;0;0;80,72;0
"2021-11-05 13:20:00";0;0;0;0;0;0;123,81;0
"2021-11-05 13:25:00";0;0;0;0;0;0;135,22;0
"2021-11-05 13:30:00";0;36,68;0;0;0;0;101,68;1,11
"2021-11-05 13:35:00";0;68,9;0;0;0;0;19,41;50,02
"2021-11-05 13:40:00";0;66,61;0;0;0;0;16,22;56,99
"2021-11-05 13:45:00";0;56,21;0;0;0;0;4,09;61,49
"2021-11-05 13:50:00";0;0;0;0;0;0;0;59,32
"2021-11-05 13:55:00";0;0;0;0;0;0;0;56,83
"2021-11-05 14:00:00";0;0;0;0;0;0;0;54,93
"2021-11-05 14:05:00";0;0;0;0;0;0;0;38,42
"2021-11-05 14:10:00";0;0;0;0;0;0;26,73;0
"2021-11-05 14:15:00";0;0;0;0;0;0;38,81;0
"2021-11-05 14:20:00";0;0;0;0;0;0;37,21;0
"2021-11-05 14:25:00";0;0;0;0;0;0;36,01;0
"2021-11-05 14:30:00";0;0;0;0;0;0;36,32;0
"2021-11-05 14:35:00";0;0;0;0;0;0;32,74;0
"2021-11-05 14:40:00";0;20,31;0;0;0;0;18,67;0,01
"2021-11-05 14:45:00";20,83;32,96;0;0;0;0;0;42,23
"2021-11-05 14:50:00";4,94;26,55;0;0;0;0;33,2;46,1
"2021-11-05 14:55:00";0;23,22;0;0;0;0;59,08;46,98
"2021-11-05 15:00:00";0;20,33;0;0;0;0;94,41;15,46
"2021-11-05 15:05:00";0;5,1;0;0;0;0;107,8;0
"2021-11-05 15:10:00";0;0;0;0;0;0;112,24;0
"2021-11-05 15:15:00";0;0;0;0;0;0;99,09;0
"2021-11-05 15:20:00";0;0;0;0;0;0;90,74;0
"2021-11-05 15:25:00";0;0;0;0;0;0;79,6;0
"2021-11-05 15:30:00";0;0;0;0;0;0;31,69;0
"2021-11-05 15:35:00";0;55,3;0;0;0;0;30,34;0
"2021-11-05 15:40:00";0;87,09;0;0;0;0;26,86;0
"2021-11-05 15:45:00";0;10,62;0;0;0;0;20,52;0
"2021-11-05 15:50:00";0;0;0;0;0;0;0;0
"2021-11-05 15:55:00";0;0;0;0;0;0;0;0
"2021-11-05 16:00:00";0;0;0;0;0;0;0;0
"2021-11-05 16:05:00";0;0;0;0;0;0;0;0
"2021-11-05 16:10:00";0;0;0;0;0;0;0;0
"2021-11-05 16:15:00";0;0;0;0;0;0;0;0
"2021-11-05 16:20:00";0;13,23;0;0;0;0;0;0
"2021-11-05 16:25:00";31,49;42,21;0;0;0;0;33,94;12,76
"2021-11-05 16:30:00";41,54;42,74;0;0;0;0;46,18;46,04
"2021-11-05 16:35:00";42,07;51,48;0;0;0;0;42,02;46,64
"2021-11-05 16:40:00";62,03;59,34;0;0;0;0;100,42;2,12
"2021-11-05 16:45:00";93,94;42,85;0;0;0;0;102,62;0
"2021-11-05 16:50:00";93,28;46,26;0;0;0;0;73,18;0
"2021-11-05 16:55:00";99,5;61,26;0;0;0;0;48,64;102,82
"2021-11-05 17:00:00";110,57;83,43;0;0;0;0;16,13;184,33
"2021-11-05 17:05:00";92,01;82,51;0;0;0;0;31,43;188,86
"2021-11-05 17:10:00";82,4;112,75;0;0;0;0;97,66;103,75
"2021-11-05 17:15:00";77,45;95,49;0;0;0;0;98,59;0
"2021-11-05 17:20:00";49,34;73,69;0;0;0;0;98,89;0
"2021-11-05 17:25:00";27,75;55,72;0;0;0;0;96,11;0
"2021-11-05 17:30:00";0;19,41;0;0;0;0;71,51;0
"2021-11-05 17:35:00";0;10,62;0;0;0;0;10,45;0
"2021-11-05 17:40:00";0;7,43;0;0;0;0;85,68;0
"2021-11-05 17:45:00";12,58;5,27;0;0;0;0;68,09;0
"2021-11-05 17:50:00";52,77;0,91;0;0;0;0;61,08;0
"2021-11-05 17:55:00";59,04;0;0;0;0;0;58,19;0
"2021-11-05 18:00:00";67,09;0;0;0;0;0;59,98;34,32
"2021-11-05 18:05:00";76,44;9,92;0;0;0;0;53,55;46,12
"2021-11-05 18:10:00";78,69;66,69;0;0;0;0;7,53;20,01
"2021-11-05 18:15:00";79,24;59,73;0;0;0;0;0;0
"2021-11-05 18:20:00";69,19;56,28;0;0;0;0;0;0
"2021-11-05 18:25:00";55,45;37,58;0;0;0;0;0;0
"2021-11-05 18:30:00";7,17;0;0;0;0;0;0;0
"2021-11-05 18:35:00";0;0;0;0;0;0;0;0
"2021-11-05 18:40:00";0;0;0;0;0;0;35,2;0
"2021-11-05 18:45:00";0;0;0;0;0;0;38,38;0
"2021-11-05 18:50:00";0;0;0;0;0;0;33,86;48,67
"2021-11-05 18:55:00";0;0;0;0;0;0;29,28;112,4
"2021-11-05 19:00:00";0;0;0;0;0;0;22,75;36,32
"2021-11-05 19:05:00";0;10,05;0;0;0;0;13,05;0
"2021-11-05 19:10:00";51,87;77,91;0;0;0;0;0;0
"2021-11-05 19:15:00";70,04;80,04;0;0;0;0;0;0
"2021-11-05 19:20:00";99,42;73,53;0;0;0;0;0;0
"2021-11-05 19:25:00";67,69;0;0;0;0;0;0;45,48
"2021-11-05 19:30:00";45,92;10,24;0;0;0;0;0;48,82
"2021-11-05 19:35:00";0;42,21;0;0;0;0;0;46,07
"2021-11-05 19:40:00";0;42,64;0;0;0;0;0;22,95
"2021-11-05 19:45:00";0;31,09;0;0;0;0;0;16,2
"2021-11-05 19:50:00";0;4,88;0;0;0;0;0;16,36
"2021-11-05 19:55:00";0;0;0;0;0;0;0;4,95
"2021-11-05 20:00:00";0;0;0;0;0;0;0;0
"2021-11-05 20:05:00";0;0;0;0;0;0;0;0
"2021-11-05 20:10:00";0;0;0;0;0;0;0;0
"2021-11-05 20:15:00";0;0;0;0;0;0;0;0
"2021-11-05 20:20:00";0;0;0;0;0;0;4,59;0
"2021-11-05 20:25:00";0;0;0;0;0;0;56,78;0
"2021-11-05 20:30:00";0;0;0;0;0;0;67,01;0
"2021-11-05 20:35:00";0;0;0;0;0;0;67,85;4,74
"2021-11-05 20:40:00";0;0;0;0;0;0;81,12;108,05
"2021-11-05 20:45:00";0;0;0;0;0;0;88,06;123,73
"2021-11-05 20:50:00";0;0;0;0;0;0;84,8;10,34
"2021-11-05 20:55:00";0;0;0;0;0;0;35,74;0
"2021-11-05 21:00:00";0;0;0;0;0;0;0,61;0
"2021-11-05 21:05:00";0;0;0;0;0;0;0;0
"2021-11-05 21:10:00";0;0;0;0;0;0;0;0
"2021-11-05 21:15:00";0;0;0;0;0;0;0;0
"2021-11-05 21:20:00";0;0;0;0;0;0;0;0
"2021-11-05 21:25:00";0;0;0;0;0;0;0;0
"2021-11-05 21:30:00";0;0;0;0;0;0;0;0
"2021-11-05 21:35:00";0;0;0;0;0;0;0;0
"2021-11-05 21:40:00";0;0;0;0;0;0;0;0
"2021-11-05 21:45:00";0;0;0;0;0;0;0;0
"2021-11-05 21:50:00";0;0;0;0;0;0;0;0
"2021-11-05 21:55:00";0;0;0;0;0;0;0;0
"2021-11-05 22:00:00";0;0;0;0;0;0;0;0
"2021-11-05 22:05:00";0;0;0;0;0;0;0;0
"2021-11-05 22:10:00";47,1;0;0;0;0;0;0;0
"2021-11-05 22:15:00";97,26;0;0;0;0;0;0;0
"2021-11-05 22:20:00";99,1;0;0;0;0;0;0;0
"2021-11-05 22:25:00";99,74;69,7;0;0;0;0;0;0
"2021-11-05 22:30:00";99,95;96,76;0;0;0;0;0;0
"2021-11-05 22:35:00";90,43;94,97;0;0;0;0;0;0
"2021-11-05 22:40:00";83,78;92,17;0;0;0;0;0;0
"2021-11-05 22:45:00";73,66;89,55;0;0;0;0;0;0
"2021-11-05 22:50:00";63,41;72,4;0;0;0;0;0;0
"2021-11-05 22:55:00";17,59;56,13;0;0;0;0;0;0
"2021-11-05 23:00:00";0;38,44;0;0;0;0;0;0
"2021-11-05 23:05:00";0;0;0;0;0;0;0;0
"2021-11-05 23:10:00";0;0;0;0;0;0;0;0
"2021-11-05 23:15:00";0;0;0;0;0;0;0;0
"2021-11-05 23:20:00";0;0;0;0;0;0;11;0
"2021-11-05 23:25:00";0;0;0;0;0;0;15,35;0
"2021-11-05 23:30:00";0;0;0;0;0;0;11,57;0
"2021-11-05 23:35:00";0;0;0;0;0;0;7,31;0
"2021-11-05 23:40:00";0;0;0;0;0;0;4,94;0
"2021-11-05 23:45:00";0;0;0;0;0;0;3,07;0
"2021-11-05 23:50:00";0;0;0;0;0;0;0;0
"2021-11-05 23:55:00";0;0;0;0;0;0;0;0
"2021-11-06 00:00:00";0;0;0;0;0;0;0;0
"2021-11-06 00:05:00";0;0;0;0;0;0;0;0
"2021-11-06 00:10:00";0;0;0;0;0;0;0;0
"2021-11-06 00:15:00";0;0;0;0;0;0;0;0
"2021-11-06 00:20:00";0;0;0;0;0;0;0;0
"2021-11-06 00:25:00";0;0;0;0;0;0;0;0
"2021-11-06 00:30:00";0;0;0;0;0;0;0;0
"2021-11-06 00:35:00";0;0;0;0;0;0;0;0
"2021-11-06 00:40:00";0;0;0;0;0;0;0;0
"2021-11-06 00:45:00";0;0;0;0;0;0;0;0
"2021-11-06 00:50:00";0;0;0;0;0;0;0;0
"2021-11-06 00:55:00";0;0;0;0;0;0;0;0
"2021-11-06 01:00:00";0;0;0;0;0;0;0;0
"2021-11-06 01:05:00";0;0;0;0;0;0;0;0
"2021-11-06 01:10:00";0;0;0;0;0;0;0;0
"2021-11-06 01:15:00";0;0;0;0;0;0;0;0
"2021-11-06 01:20:00";0;0;0;0;0;0;0;0
"2021-11-06 01:25:00";0;0;0;0;0;0;0;0
"2021-11-06 01:30:00";0;0;0;0;0;0;0;0
"2021-11-06 01:35:00";0;0;0;0;0;0;0;0
"2021-11-06 01:40:00";0;0;0;0;0;0;0;0
"2021-11-06 01:45:00";0;0;0;0;0;0;0;0
"2021-11-06 01:50:00";0;0;0;0;0;0;0;0
"2021-11-06 01:55:00";0;0;0;0;0;0;0;0
"2021-11-06 02:00:00";0;0;0;0;0;0;0;0
"2021-11-06 02:05:00";0;0;0;0;0;0;0;0
"2021-11-06 02:10:00";0;0;0;0;0;0;0;0
"2021-11-06 02:15:00";0;0;0;0;0;0;0;0
"2021-11-06 02:20:00";0;0;0;0;0;0;0;0
"2021-11-06 02:25:00";0;0;0;0;0;0;0;0
"2021-11-06 02:30:00";0;0;0;0;0;0;0;0
"2021-11-06 02:35:00";0;0;0;0;0;0;0;0
"2021-11-06 02:40:00";0;0;0;0;0;0;0;0
"2021-11-06 02:45:00";0;0;0;0;0;0;0;0
"2021-11-06 02:50:00";0;0;0;0;0;0;0;0
"2021-11-06 02:55:00";0;0;0;0;0;0;0;0
"2021-11-06 03:00:00";0;0;0;0;0;0;0;0
"2021-11-06 03:05:00";0;0;0;0;0;0;0;0
"2021-11-06 03:10:00";0;0;0;0;0;0;0;0
"2021-11-06 03:15:00";0;0;0;0;0;0;0;0
"2021-11-06 03:20:00";0;0;0;0;0;0;0;0
"2021-11-06 03:25:00";0;0;0;0;0;0;0;0
"2021-11-06 03:30:00";0;0;0;0;0;0;0;0
"2021-11-06 03:35:00";0;0;0;0;0;0;0;0
"2021-11-06 03:40:00";0;0;0;0;0;0;0;0
"2021-11-06 03:45:00";0;0;0;0;0;0;0;0
"2021-11-06 03:50:00";0;0;0;0;0;0;0;0
"2021-11-06 03:55:00";0;0;0;0;0;0;0;0
"2021-11-06 04:00:00";0;0;0;0;0;0;0;0
"2021-11-06 04:05:00";0;0;0;0;0;0;0;0
"2021-11-06 04:10:00";0;0;0;0;0;0;0;0
"2021-11-06 04:15:00";0;0;0;0;0;0;0;0
"2021-11-06 04:20:00";0;0;0;0;0;0;0;0
"2021-11-06 04:25:00";0;0;0;0;0;0;0;0
"2021-11-06 04:30:00";0;0;0;0;0;0;0;0
"2021-11-06 04:35:00";0;0;0;0;0;0;0;0
"2021-11-06 04:40:00";0;0;0;0;0;0;0;0
"2021-11-06 04:45:00";0;0;0;0;0;0;0;0
"2021-11-06 04:50:00";0;0;0;0;0;0;0;0
"2021-11-06 04:55:00";0;0;0;0;0;0;0;0
"2021-11-06 05:00:00";0;0;0;0;0;0;0;0
"2021-11-06 05:05:00";0;0;0;0;0;0;0;0
"2021-11-06 05:10:00";0;0;0;0;0;0;0;0
"2021-11-06 05:15:00";0;0;0;0;0;0;0;0
"2021-11-06 05:20:00";0;0;0;0;0;0;0;0
"2021-11-06 05:25:00";0;0;0;0;0;0;0;0
"2021-11-06 05:30:00";0;0;0;0;0;0;0;0
"2021-11-06 05:35:00";0;0;0;0;0;0;0;0
"2021-11-06 05:40:00";0;0;0;0;0;0;0;0
"2021-11-06 05:45:00";0;0;0;0;0;0;0;0
"2021-11-06 05:50:00";0;0;0;0;0;0;0;0
"2021-11-06 05:55:00";0;0;0;0;0;0;0;0
"2021-11-06 06:00:00";0;0;0;0;0;0;0;0
"2021-11-06 06:05:00";0;0;0;0;0;0;0;0
"2021-11-06 06:10:00";0;0;0;0;0;0;0;0
"2021-11-06 06:15:00";0;0;0;0;0;0;13,21;0
"2021-11-06 06:20:00";0;0;0;0;0;0;54,74;0
"2021-11-06 06:25:00";0;0;0;0;0;0;63,9;0
"2021-11-06 06:30:00";0;0;0;0;0;0;8,65;0
"2021-11-06 06:35:00";0;0;0;0;0;0;0;0
"2021-11-06 06:40:00";0;0;0;0;0;0;0;0
"2021-11-06 06:45:00";0;0;0;0;0;0;0;0
"2021-11-06 06:50:00";0;0;0;0;0;0;0;0
"2021-11-06 06:55:00";0;0;0;0;0;0;0;0
"2021-11-06 07:00:00";0;0;0;0;0;0;0;0
"2021-11-06 07:05:00";0;0;0;0;0;0;0;0
"2021-11-06 07:10:00";0;0;0;0;0;0;0;0
"2021-11-06 07:15:00";0;0;0;0;0;0;0;0
"2021-11-06 07:20:00";0;0;0;0;0;0;0;0
"2021-11-06 07:25:00";0;0;0;0;0;0;0;0
"2021-11-06 07:30:00";0;0;0;0;0;0;0;0
"2021-11-06 07:35:00";0;0;0;0;0;0;0;0
"2021-11-06 07:40:00";0;0;0;0;0;0;0;0
"2021-11-06 07:45:00";0;0;0;0;0;0;0;0
"2021-11-06 07:50:00";0;0;0;0;0;0;0;0
"2021-11-06 07:55:00";0;0;0;0;0;0;0;0
"2021-11-06 08:00:00";0;0;0;0;0;0;0;0
"2021-11-06 08:05:00";0;0;0;0;0;0;0;0
"2021-11-06 08:10:00";0;0;0;0;0;0;0;0
"2021-11-06 08:15:00";0;0;0;0;0;0;0;0
"2021-11-06 08:20:00";0;0;0;0;0;0;0;0
"2021-11-06 08:25:00";0;0;0;0;0;0;0;0
"2021-11-06 08:30:00";0;0;0;0;0;0;0;0
"2021-11-06 08:35:00";0;0;0;0;0;0;0;0
"2021-11-06 08:40:00";0;0;0;0;0;0;0;0
"2021-11-06 08:45:00";0;0;0;0;0;0;0;0
"2021-11-06 08:50:00";0;0;0;0;0;0;0;0
"2021-11-06 08:55:00";0;0;0;0;0;0;0;0
"2021-11-06 09:00:00";0;11,36;0;0;0;0;0;0
"2021-11-06 09:05:00";0;38,2;0;0;0;0;0;0
"2021-11-06 09:10:00";0;41,2;0;0;0;0;0;0
"2021-11-06 09:15:00";0;44,82;0;0;0;0;0;0
"2021-11-06 09:20:00";0;40,39;0;0;0;0;0;0
"2021-11-06 09:25:00";0;22,78;0;0;0;0;0;0
"2021-11-06 09:30:00";0;2,75;0;0;0;0;0;0
"2021-11-06 09:35:00";0;0;0;0;0;0;0;0
"2021-11-06 09:40:00";0;0;0;0;0;0;0;0
"2021-11-06 09:45:00";0;0;0;0;0;0;0;0
"2021-11-06 09:50:00";0;0;0;0;0;0;0;0
"2021-11-06 09:55:00";0;0;0;0;0;0;0;0
"2021-11-06 10:00:00";0;0;0;0;0;0;0;0
"2021-11-06 10:05:00";0;0;0;0;0;0;0;0
"2021-11-06 10:10:00";0;0;0;0;0;0;0;0
"2021-11-06 10:15:00";0;0;0;0;0;0;0;0
"2021-11-06 10:20:00";0;0;0;0;0;0;0;0
"2021-11-06 10:25:00";0;0;0;0;0;0;0;0
"2021-11-06 10:30:00";0;0;0;0;0;0;0;0
"2021-11-06 10:35:00";0;0;0;0;0;0;0;0
"2021-11-06 10:40:00";0;0;0;0;0;0;0;0
"2021-11-06 10:45:00";0;0;0;0;0;0;0;0
"2021-11-06 10:50:00";0;0;0;0;0;0;1,51;0
"2021-11-06 10:55:00";0;0;0;0;0;0;37,79;0
"2021-11-06 11:00:00";0;0;0;0;0;0;41,37;0
"2021-11-06 11:05:00";0;0;0;0;0;0;45,88;0
"2021-11-06 11:10:00";0;0;0;0;0;0;45,07;0
"2021-11-06 11:15:00";0;0;0;0;0;0;43,17;0
"2021-11-06 11:20:00";0;0;0;0;0;0;39,75;49,56
"2021-11-06 11:25:00";0;0;0;0;0;0;10,84;96,75
"2021-11-06 11:30:00";0;0;0;0;0;0;0;72,85
"2021-11-06 11:35:00";0;0;0;0;0;0;0;35,18
"2021-11-06 11:40:00";0;0;0;0;0;0;0;0
"2021-11-06 11:45:00";0;0;0;0;0;0;0;0
"2021-11-06 11:50:00";0;0;0;0;0;0;0;0
"2021-11-06 11:55:00";0;0;0;0;0;0;0;0
"2021-11-06 12:00:00";0;0;0;0;0;0;0;0
"2021-11-06 12:05:00";0;0;0;0;0;0;0;0
"2021-11-06 12:10:00";0;0;0;0;0;0;0;0
"2021-11-06 12:15:00";0;0;0;0;0;0;0;0
"2021-11-06 12:20:00";0;0;0;0;0;0;0;0
"2021-11-06 12:25:00";0;0;0;0;0;0;0;0
"2021-11-06 12:30:00";0;0;0;0;0;0;0;0
"2021-11-06 12:35:00";0;0;0;0;0;0;0;0
"2021-11-06 12:40:00";0;0;0;0;0;0;0;0
"2021-11-06 12:45:00";0;0;0;0;0;0;0;0
"2021-11-06 12:50:00";0;0;0;0;0;0;0;0
"2021-11-06 12:55:00";0;0;0;0;0;0;0;0
"2021-11-06 13:00:00";0;0;0;0;0;0;0;0
"2021-11-06 13:05:00";0;0;0;0;0;0;0;0
"2021-11-06 13:10:00";0;0;0;0;0;0;0;0
"2021-11-06 13:15:00";0;0;0;0;0;0;0;0
"2021-11-06 13:20:00";0;0;0;0;0;0;0;27,75
"2021-11-06 13:25:00";0;0;0;0;0;0;0;45,92
"2021-11-06 13:30:00";0;0;0;0;0;0;0;47,16
"2021-11-06 13:35:00";0;0;0;0;0;0;0;51,58
"2021-11-06 13:40:00";0;0;0;0;0;0;23,23;55,6
"2021-11-06 13:45:00";0;0;0;0;0;0;101,94;29,18
"2021-11-06 13:50:00";0;0;0;0;0;0;121,76;4,31
"2021-11-06 13:55:00";0;0;0;0;0;0;99,54;25,72
"2021-11-06 14:00:00";0;0;0;0;0;0;0;22,07
"2021-11-06 14:05:00";0;0;0;0;0;0;0;0
"2021-11-06 14:10:00";0;0;0;0;0;0;0;0
"2021-11-06 14:15:00";0;0;0;0;0;0;0;0
"2021-11-06 14:20:00";0;0;0;0;0;0;0;0
"2021-11-06 14:25:00";0;0;0;0;0;0;0;0
"2021-11-06 14:30:00";0;26,84;0;0;0;0;0;0
"2021-11-06 14:35:00";0;73,73;0;0;0;0;0;0
"2021-11-06 14:40:00";0;88,42;0;0;0;0;0;0
"2021-11-06 14:45:00";0;106,17;0;0;0;0;0;0
"2021-11-06 14:50:00";0;133,28;0;0;0;0;0,07;0
"2021-11-06 14:55:00";0;110,2;0;0;0;0;37,22;0
"2021-11-06 15:00:00";0;31,09;0;0;0;0;40,69;0
"2021-11-06 15:05:00";0;27,45;0;0;0;0;33,76;0
"2021-11-06 15:10:00";0;27,18;0;0;0;0;0;0
"2021-11-06 15:15:00";0;25,97;0;0;0;0;0;0
"2021-11-06 15:20:00";0;22,14;0;0;0;0;0;0
"2021-11-06 15:25:00";0;20,18;0;0;0;0;0;0
"2021-11-06 15:30:00";0;18,89;0;0;0;0;0;0
"2021-11-06 15:35:00";0;17,8;0;0;0;0;0;0
"2021-11-06 15:40:00";0;17,84;0;0;0;0;0;0
"2021-11-06 15:45:00";0;11,42;0;0;0;0;0;0
"2021-11-06 15:50:00";0;0;0;0;0;0;38,64;0
"2021-11-06 15:55:00";0;0;0;0;0;0;51,19;0
"2021-11-06 16:00:00";0;0;0;0;0;0;72,16;0
"2021-11-06 16:05:00";0;0;0;0;0;0;74,68;0
"2021-11-06 16:10:00";0;0;0;0;0;0;74,59;0
"2021-11-06 16:15:00";23,35;0;0;0;0;0;74,27;0
"2021-11-06 16:20:00";12,95;0;0;0;0;0;67;0
"2021-11-06 16:25:00";12,54;0;0;0;0;0;57,99;0
"2021-11-06 16:30:00";12,31;0;0;0;0;0;20,18;0
"2021-11-06 16:35:00";11,96;0;0;0;0;0;29,03;0
"2021-11-06 16:40:00";11,67;0;0;0;0;0;39,27;0
"2021-11-06 16:45:00";5,65;0;0;0;0;0;36,58;0
"2021-11-06 16:50:00";0;0;0;0;0;0;38,68;0
"2021-11-06 16:55:00";0;0;0;0;0;0;33,11;0
"2021-11-06 17:00:00";0;0;0;0;0;0;35,6;0
"2021-11-06 17:05:00";0;0;0;0;0;0;33,04;0
"2021-11-06 17:10:00";0;0;0;0;0;0;33,44;0
"2021-11-06 17:15:00";0;0;0;0;0;0;5,1;0
"2021-11-06 17:20:00";0;0;0;0;0;0;0;0
"2021-11-06 17:25:00";0;0;0;0;0;0;0;0
"2021-11-06 17:30:00";0;0;0;0;0;0;0;0
"2021-11-06 17:35:00";0;0;0;0;0;0;0;0
"2021-11-06 17:40:00";0;0;0;0;0;0;0;0
"2021-11-06 17:45:00";0;0;0;0;0;0;0;0
"2021-11-06 17:50:00";0;0;0;0;0;0;0;0
"2021-11-06 17:55:00";0;0;0;0;0;0;0;0
"2021-11-06 18:00:00";0;0;0;0;0;0;0;0
"2021-11-06 18:05:00";0;54,6;0;0;0;0;0;0
"2021-11-06 18:10:00";0;84,96;0;0;0;0;0;0
"2021-11-06 18:15:00";0;102,43;0;0;0;0;0;0
"2021-11-06 18:20:00";21,41;114,97;0;0;0;0;0;0
"2021-11-06 18:25:00";62,76;124,49;0;0;0;0;0;15,48
"2021-11-06 18:30:00";58,17;116,84;0;0;0;0;0;49,49
"2021-11-06 18:35:00";51,66;92,31;0;0;0;0;0;50,52
"2021-11-06 18:40:00";30,77;43,59;0;0;0;0;0;6,5
"2021-11-06 18:45:00";0;0;0;0;0;0;0;0
"2021-11-06 18:50:00";0;0;0;0;0;0;0;0
"2021-11-06 18:55:00";0;0;0;0;0;0;4,95;0
"2021-11-06 19:00:00";0;0;0;0;0;0;39,68;0
"2021-11-06 19:05:00";0;0;0;0;0;0;39,47;0
"2021-11-06 19:10:00";0;0;0;0;0;0;34,96;65,48
"2021-11-06 19:15:00";0;0;0;0;0;0;24,74;90,64
"2021-11-06 19:20:00";0;0;0;0;0;0;0;97,94
"2021-11-06 19:25:00";0;35,37;0;0;0;0;0;50,39
"2021-11-06 19:30:00";0;42,14;0;0;0;0;0;0
"2021-11-06 19:35:00";0;42,62;0;0;0;0;0;0
"2021-11-06 19:40:00";0;5,71;0;0;0;0;0;0
"2021-11-06 19:45:00";0;0;0;0;0;0;0;0
"2021-11-06 19:50:00";0;0;0;0;0;0;0;0
"2021-11-06 19:55:00";0;0;0;0;0;0;0;0
"2021-11-06 20:00:00";0;0;0;0;0;0;0;0
"2021-11-06 20:05:00";0;0;0;0;0;0;0;0
"2021-11-06 20:10:00";0;0;0;0;0;0;0;0
"2021-11-06 20:15:00";0;0;0;0;0;0;0;0
"2021-11-06 20:20:00";0;0;0;0;0;0;0;0
"2021-11-06 20:25:00";0;0;0;0;0;0;18,59;0
"2021-11-06 20:30:00";0;0;0;0;0;0;28,96;0
"2021-11-06 20:35:00";0;0;0;0;0;0;30,83;0
"2021-11-06 20:40:00";0;0;0;0;0;0;0;0
"2021-11-06 20:45:00";0;0;0;0;0;0;0;0
"2021-11-06 20:50:00";0;0;0;0;0;0;0;0
"2021-11-06 20:55:00";0;0;0;0;0;0;0;0
"2021-11-06 21:00:00";0;0;0;0;0;0;0;0,03
"2021-11-06 21:05:00";0;0;0;0;0;0;0;44,67
"2021-11-06 21:10:00";0;0;0;0;0;0;0;46,45
"2021-11-06 21:15:00";0;0;0;0;0;0;0;0
"2021-11-06 21:20:00";0;0;0;0;0;0;0;0
"2021-11-06 21:25:00";0;0;0;0;0;0;0;0
"2021-11-06 21:30:00";0;0;0;0;0;0;0;0
"2021-11-06 21:35:00";0;0;0;0;0;0;0;0
"2021-11-06 21:40:00";0;0;0;0;0;0;0;0
"2021-11-06 21:45:00";0;0;0;0;0;0;0;0
"2021-11-06 21:50:00";0;0;0;0;0;0;0;0
"2021-11-06 21:55:00";0;0;0;0;0;0;0;0
"2021-11-06 22:00:00";0;0;0;0;0;0;0;0
"2021-11-06 22:05:00";0;0;0;0;0;0;0;0
"2021-11-06 22:10:00";0;61,06;0;0;0;0;0;0
"2021-11-06 22:15:00";0;95,05;0;0;0;0;0;0
"2021-11-06 22:20:00";0;93,05;0;0;0;0;0;0
"2021-11-06 22:25:00";0;96,02;0;0;0;0;0;0
"2021-11-06 22:30:00";0;75,49;0;0;0;0;0;0
"2021-11-06 22:35:00";0;65,14;0;0;0;0;0;0
"2021-11-06 22:40:00";0;59,05;0;0;0;0;0;0
"2021-11-06 22:45:00";0;55,48;0;0;0;0;0;0
"2021-11-06 22:50:00";0;17,37;0;0;0;0;0;0
"2021-11-06 22:55:00";0;0;0;0;0;0;0;0
"2021-11-06 23:00:00";0;0;0;0;0;0;0;0
"2021-11-06 23:05:00";0;0;0;0;0;0;0;0
"2021-11-06 23:10:00";0;0;0;0;0;0;0;0
"2021-11-06 23:15:00";0;0;0;0;0;0;0;0
"2021-11-06 23:20:00";0;0;0;0;0;0;0;0
"2021-11-06 23:25:00";0;0;0;0;0;0;0;0
"2021-11-06 23:30:00";0;0;0;0;0;0;0;0
"2021-11-06 23:35:00";0;0;0;0;0;0;0;0
"2021-11-06 23:40:00";0;0;0;0;0;0;0;0
"2021-11-06 23:45:00";0;0;0;0;0;0;0;51,9
"2021-11-06 23:50:00";0;0;0;0;0;0;0;145,84
"2021-11-06 23:55:00";0;0;0;0;0;0;0;72,1
"2021-11-07 00:00:00";0;0;0;0;0;0;0;0
"2021-11-07 00:05:00";0;0;0;0;0;0;0;0
"2021-11-07 00:10:00";0;0;0;0;0;0;0;0
"2021-11-07 00:15:00";0;0;0;0;0;0;0;0
"2021-11-07 00:20:00";0;0;0;0;0;0;0;0
"2021-11-07 00:25:00";0;0;0;0;0;0;0;0
"2021-11-07 00:30:00";0;0;0;0;0;0;0;0
"2021-11-07 00:35:00";0;0;0;0;0;0;0;0
"2021-11-07 00:40:00";0;0;0;0;0;0;0;0
"2021-11-07 00:45:00";0;0;0;0;0;0;0;0
"2021-11-07 00:50:00";0;0;0;0;0;0;0;0
"2021-11-07 00:55:00";0;0;0;0;0;0;0;0
"2021-11-07 01:00:00";0;0;0;0;0;0;0;0
"2021-11-07 01:05:00";0;0;0;0;0;0;0;0
"2021-11-07 01:10:00";0;0;0;0;0;0;0;0
"2021-11-07 01:15:00";0;0;0;0;0;0;0;0
"2021-11-07 01:20:00";0;0;0;0;0;0;0;0
"2021-11-07 01:25:00";0;0;0;0;0;0;0;0
"2021-11-07 01:30:00";0;0;0;0;0;0;0;0
"2021-11-07 01:35:00";0;0;0;0;0;0;0;0
"2021-11-07 01:40:00";0;0;0;0;0;0;0;0
"2021-11-07 01:45:00";0;0;0;0;0;0;0;0
"2021-11-07 01:50:00";0;0;0;0;0;0;0;0
"2021-11-07 01:55:00";0;0;0;0;0;0;0;0
"2021-11-07 02:00:00";0;0;0;0;0;0;0;0
"2021-11-07 02:05:00";0;0;0;0;0;0;0;0
"2021-11-07 02:10:00";0;0;0;0;0;0;0;0
"2021-11-07 02:15:00";1,58;0;0;0;0;0;0;0
"2021-11-07 02:20:00";86,47;0;0;0;0;0;0;0
"2021-11-07 02:25:00";91,83;0;0;0;0;0;0;0
"2021-11-07 02:30:00";79,89;0;0;0;0;0;0;0
"2021-11-07 02:35:00";86,4;0;0;0;0;0;0;0
"2021-11-07 02:40:00";89,32;0;0;0;0;0;0;0
"2021-11-07 02:45:00";20,97;0;0;0;0;0;0;0
"2021-11-07 02:50:00";0;0;0;0;0;0;0;0
"2021-11-07 02:55:00";0;0;0;0;0;0;0;0
"2021-11-07 03:00:00";0;0;0;0;0;0;0;0
"2021-11-07 03:05:00";0;0;0;0;0;0;0;0
"2021-11-07 03:10:00";0;0;0;0;0;0;0;0
"2021-11-07 03:15:00";0;0;0;0;0;0;0;0
"2021-11-07 03:20:00";0;0;0;0;0;0;0;0
"2021-11-07 03:25:00";19,95;0;0;0;0;0;0;0
"2021-11-07 03:30:00";34,6;0;0;0;0;0;0;0
"2021-11-07 03:35:00";0;0;0;0;0;0;0;0
"2021-11-07 03:40:00";0;0;0;0;0;0;0;0
"2021-11-07 03:45:00";0;0;0;0;0;0;0;0
"2021-11-07 03:50:00";0;0;0;0;0;0;0;0
"2021-11-07 03:55:00";0;0;0;0;0;0;0;0
"2021-11-07 04:00:00";0;0;0;0;0;0;0;0
"2021-11-07 04:05:00";0;0;0;0;0;0;0;0
"2021-11-07 04:10:00";0;0;0;0;0;0;0;0
"2021-11-07 04:15:00";0;0;0;0;0;0;0;0
"2021-11-07 04:20:00";0;0;0;0;0;0;0;0
"2021-11-07 04:25:00";0;0;0;0;0;0;0;0
"2021-11-07 04:30:00";0;0;0;0;0;0;0;0
"2021-11-07 04:35:00";0;0;0;0;0;0;0;0
"2021-11-07 04:40:00";0;0;0;0;0;0;0;0
"2021-11-07 04:45:00";0;0;0;0;0;0;0;0
"2021-11-07 04:50:00";0;0;0;0;0;0;0;0
"2021-11-07 04:55:00";0;0;0;0;0;0;0;0
"2021-11-07 05:00:00";0;0;0;0;0;0;0;0
"2021-11-07 05:05:00";0;0;0;0;0;0;0;0
"2021-11-07 05:10:00";0;0;0;0;0;0;0;0
"2021-11-07 05:15:00";0;0;0;0;0;0;0;0
"2021-11-07 05:20:00";0;0;0;0;0;0;0;0
"2021-11-07 05:25:00";0;0;0;0;0;0;0;0
"2021-11-07 05:30:00";0;0;0;0;0;0;0;0
"2021-11-07 05:35:00";0;0;0;0;0;0;0;0
"2021-11-07 05:40:00";0;0;0;0;0;0;0;0
"2021-11-07 05:45:00";0;0;0;0;0;0;0;0
"2021-11-07 05:50:00";0;0;0;0;0;0;0;0
"2021-11-07 05:55:00";0;0;0;0;0;0;0;0
"2021-11-07 06:00:00";0;0;0;0;0;0;0;0
"2021-11-07 06:05:00";0;0;0;0;0;0;0;0
"2021-11-07 06:10:00";0;0;0;0;0;0;0;0
"2021-11-07 06:15:00";0;0;0;0;0;0;0;0
"2021-11-07 06:20:00";0;0;0;0;0;0;0;0
"2021-11-07 06:25:00";0;0;0;0;0;0;0;0
"2021-11-07 06:30:00";0;0;0;0;0;0;0;0
"2021-11-07 06:35:00";0;0;0;0;0;0;0;0
"2021-11-07 06:40:00";0;0;0;0;0;0;0;0
"2021-11-07 06:45:00";0;0;0;0;0;0;0;0
"2021-11-07 06:50:00";0;0;0;0;0;0;0;0
"2021-11-07 06:55:00";0;0;0;0;0;0;0;0
"2021-11-07 07:00:00";0;0;0;0;0;0;0;0
"2021-11-07 07:05:00";0;0;0;0;0;0;0;0
"2021-11-07 07:10:00";0;0;0;0;0;0;0;0
"2021-11-07 07:15:00";0;0;0;0;0;0;0;0
"2021-11-07 07:20:00";0;0;0;0;0;0;0;0
"2021-11-07 07:25:00";0;0;0;0;0;0;0;0
"2021-11-07 07:30:00";0;0;0;0;0;0;0;0
"2021-11-07 07:35:00";0;0;0;0;0;0;0;0
"2021-11-07 07:40:00";0;0;0;0;0;0;0;0
"2021-11-07 07:45:00";0;0;0;0;0;0;0;0
"2021-11-07 07:50:00";0;0;0;0;0;0;0;0
"2021-11-07 07:55:00";0;0;0;0;0;0;0;0
"2021-11-07 08:00:00";0;0;0;0;0;0;0;0
"2021-11-07 08:05:00";0;0;0;0;0;0;0;0
"2021-11-07 08:10:00";0;0;0;0;0;0;0;0
"2021-11-07 08:15:00";0;0;0;0;0;0;0;0
"2021-11-07 08:20:00";0;0;0;0;0;0;0;0
"2021-11-07 08:25:00";0;0;0;0;0;0;0;0
"2021-11-07 08:30:00";0;0;0;0;0;0;0;0
"2021-11-07 08:35:00";0;0;0;0;0;0;0;0
"2021-11-07 08:40:00";0;0;0;0;0;0;0;0
"2021-11-07 08:45:00";0;0;0;0;0;0;0;0
"2021-11-07 08:50:00";0;0;0;0;0;0;0;0
"2021-11-07 08:55:00";0;0;0;0;0;0;0;0
"2021-11-07 09:00:00";0;0;0;0;0;0;0;0
"2021-11-07 09:05:00";0;0;0;0;0;0;0;0
"2021-11-07 09:10:00";0;0;0;0;0;0;0;0
"2021-11-07 09:15:00";0;17,74;0;0;0;0;0;0
"2021-11-07 09:20:00";0;41,1;0;0;0;0;20,84;0
"2021-11-07 09:25:00";0;36,77;0;0;0;0;0;0
"2021-11-07 09:30:00";0;0;0;0;0;0;0;0
"2021-11-07 09:35:00";0;0;0;0;0;0;0;0
"2021-11-07 09:40:00";0;0;0;0;0;0;0;0
"2021-11-07 09:45:00";0;0;0;0;0;0;42,82;0
"2021-11-07 09:50:00";0;0;0;0;0;0;45,6;0
"2021-11-07 09:55:00";0;0;0;0;0;0;46,43;0
"2021-11-07 10:00:00";0;0;0;0;0;0;43,79;0
"2021-11-07 10:05:00";0;0;0;0;0;0;33,75;0
"2021-11-07 10:10:00";0;0;0;0;0;0;28,3;0
"2021-11-07 10:15:00";0;0;0;0;0;0;14,15;0
"2021-11-07 10:20:00";0;0;0;0;0;0;0;0
"2021-11-07 10:25:00";0;0;0;0;0;0;0;0
"2021-11-07 10:30:00";0;0;0;0;0;0;0;0
"2021-11-07 10:35:00";0;0;0;0;0;0;0;0
"2021-11-07 10:40:00";0;0;0;0;0;0;0;0
"2021-11-07 10:45:00";0;0;0;0;0;0;21,5;0
"2021-11-07 10:50:00";0;0;0;0;0;0;27,74;12,61
"2021-11-07 10:55:00";0;0;0;0;0;0;23,36;61,22
"2021-11-07 11:00:00";0;0;0;0;0;0;18,28;58,27
"2021-11-07 11:05:00";0;0;0;0;0;0;14,58;7,06
"2021-11-07 11:10:00";0;0;0;0;0;0;11,63;0
"2021-11-07 11:15:00";0;0;0;0;0;0;5,18;49,86
"2021-11-07 11:20:00";0;0;0;0;0;0;0;103,34
"2021-11-07 11:25:00";0;0;0;0;0;0;0;101,42
"2021-11-07 11:30:00";0;0;0;0;0;0;0;102,85
"2021-11-07 11:35:00";0;0;0;0;0;0;0;98,75
"2021-11-07 11:40:00";0;0;0;0;0;0;0;87,21
"2021-11-07 11:45:00";0;0;0;0;0;0;0;77,62
"2021-11-07 11:50:00";0;0;0;0;0;0;0;35,45
"2021-11-07 11:55:00";0;0;0;0;0;0;0;0
"2021-11-07 12:00:00";0;0;0;0;0;0;0;0
"2021-11-07 12:05:00";18,51;0;0;0;0;0;0;0
"2021-11-07 12:10:00";34,64;0;0;0;0;0;0;0
"2021-11-07 12:15:00";38,3;0;0;0;0;0;0;0
"2021-11-07 12:20:00";39,2;0;0;0;0;0;0;0
"2021-11-07 12:25:00";37,14;0;0;0;0;0;0;0
"2021-11-07 12:30:00";0;0;0;0;0;0;0;14,51
"2021-11-07 12:35:00";0;0;0;0;0;0;0;45,93
"2021-11-07 12:40:00";0;0;0;0;0;0;0;46,88
"2021-11-07 12:45:00";0;0;0;0;0;0;0;44,88
"2021-11-07 12:50:00";0;0;0;0;0;0;0;0
"2021-11-07 12:55:00";0;8,37;0;0;0;0;0;30,83
"2021-11-07 13:00:00";0;27,57;0;0;0;0;0;38,71
"2021-11-07 13:05:00";0;27,9;0;0;0;0;0;39,06
"2021-11-07 13:10:00";0;28,79;0;0;0;0;0;39,64
"2021-11-07 13:15:00";0;28,05;0;0;0;0;0;3,9
"2021-11-07 13:20:00";0;24,54;0;0;0;0;0;0
"2021-11-07 13:25:00";0;19,32;0;0;0;0;0;0
"2021-11-07 13:30:00";0;0;0;0;0;0;0;0
"2021-11-07 13:35:00";0;0;0;0;0;0;0;0
"2021-11-07 13:40:00";68,58;0;0;0;0;0;0;6,11
"2021-11-07 13:45:00";103,68;0;0;0;0;0;0;41,68
"2021-11-07 13:50:00";94,87;0;0;0;0;0;0;43,29
"2021-11-07 13:55:00";89,29;0;0;0;0;0;3,7;38,49
"2021-11-07 14:00:00";74,72;0;0;0;0;0;38,31;0
"2021-11-07 14:05:00";62,76;15,35;0;0;0;0;22,87;0
"2021-11-07 14:10:00";56,1;40,77;0;0;0;0;4,14;0
"2021-11-07 14:15:00";50,14;71,86;0;0;0;0;0;48,36
"2021-11-07 14:20:00";43,99;134,49;0;0;0;0;0;83,04
"2021-11-07 14:25:00";35,15;66,79;0;0;0;0;0;61,73
"2021-11-07 14:30:00";0;0;0;0;0;0;0;22,23
"2021-11-07 14:35:00";0;0;0;0;0;0;0;37,29
"2021-11-07 14:40:00";26,63;0;0;0;0;0;15,01;39,1
"2021-11-07 14:45:00";34,53;0;0;0;0;0;16,69;39,13
"2021-11-07 14:50:00";22,59;25,43;0;0;0;0;21,9;35,99
"2021-11-07 14:55:00";0;32,44;0;0;0;0;18,89;26,19
"2021-11-07 15:00:00";0;23,79;0;0;0;0;12,85;0
"2021-11-07 15:05:00";0;7,74;0;0;0;0;7,4;0
"2021-11-07 15:10:00";0;0;0;0;0;0;7,14;0,05
"2021-11-07 15:15:00";8,51;0;0;0;0;0;4,4;83,99
"2021-11-07 15:20:00";79,96;0;0;0;0;0;0;81,54
"2021-11-07 15:25:00";83,66;0;0;0;0;0;0;61,57
"2021-11-07 15:30:00";80,2;0;0;0;0;0;0;0
"2021-11-07 15:35:00";73,89;0;0;0;0;0;0;0
"2021-11-07 15:40:00";60,41;0;0;0;0;0;0;35,83
"2021-11-07 15:45:00";42,5;0;0;0;0;0;0;67,16
"2021-11-07 15:50:00";28,79;3,55;0;0;0;0;0;85,25
"2021-11-07 15:55:00";14,79;40,53;0;0;0;0;0;89,88
"2021-11-07 16:00:00";6,72;20,55;0;0;0;0;20,3;44,2
"2021-11-07 16:05:00";0,9;15,8;0;0;0;0;47,59;0
"2021-11-07 16:10:00";0;16,46;0;0;0;0;48,62;0
"2021-11-07 16:15:00";57,99;10,65;0;0;0;0;49,11;0
"2021-11-07 16:20:00";102,27;0;0;0;0;0;29,87;0
"2021-11-07 16:25:00";115,29;0;0;0;0;0;11,49;59,92
"2021-11-07 16:30:00";126,75;0;0;0;0;0;0;86,45
"2021-11-07 16:35:00";136,93;73,28;0;0;0;0;79,51;70,43
"2021-11-07 16:40:00";28,46;128,13;0;0;0;0;121,28;5,5
"2021-11-07 16:45:00";6,33;102,35;0;0;0;0;144,52;0
"2021-11-07 16:50:00";40,47;119,48;0;0;0;0;146,65;0
"2021-11-07 16:55:00";41,97;102,81;0;0;0;0;127,09;0
"2021-11-07 17:00:00";42,55;74,5;0;0;0;0;0;0
"2021-11-07 17:05:00";38,44;51,91;0;0;0;0;0;0
"2021-11-07 17:10:00";7,96;0;0;0;0;0;87,81;70,34
"2021-11-07 17:15:00";0;0;0;0;0;0;140,91;127,91
"2021-11-07 17:20:00";0;0;0;0;0;0;78,67;117,69
"2021-11-07 17:25:00";0;0;0;0;0;0;21,19;84,21
"2021-11-07 17:30:00";0;0;0;0;0;0;19,26;0,35
"2021-11-07 17:35:00";0;26,46;0;0;0;0;8,1;32,65
"2021-11-07 17:40:00";26;103,78;0;0;0;0;0;29,23
"2021-11-07 17:45:00";60,81;98,88;0;0;0;0;11,46;23,99
"2021-11-07 17:50:00";67,08;106,02;0;0;0;0;23,98;0
"2021-11-07 17:55:00";78,74;112,62;0;0;0;0;0;0
"2021-11-07 18:00:00";80,03;98,96;0;0;0;0;0;0
"2021-11-07 18:05:00";0;73,88;0;0;0;0;0;0
"2021-11-07 18:10:00";0;0;0;0;0;0;0;0
"2021-11-07 18:15:00";0;0;0;0;0;0;0;0
"2021-11-07 18:20:00";0;0;0;0;0;0;0;0
"2021-11-07 18:25:00";0;0;0;0;0;0;0;0
"2021-11-07 18:30:00";0;0;0;0;0;0;0;0
"2021-11-07 18:35:00";0;0;0;0;0;0;0;0
"2021-11-07 18:40:00";0;0;0;0;0;0;0;0
"2021-11-07 18:45:00";0,04;0;0;0;0;0;0;0
"2021-11-07 18:50:00";64,72;0;0;0;0;0;0;0
"2021-11-07 18:55:00";70,07;0;0;0;0;0;0;0
"2021-11-07 19:00:00";73,41;0;0;0;0;0;0;0
"2021-11-07 19:05:00";79,38;0;0;0;0;0;0;0
"2021-11-07 19:10:00";79,1;0;0;0;0;0;0;0
"2021-11-07 19:15:00";11,21;0;0;0;0;0;0;0
"2021-11-07 19:20:00";0;0;0;0;0;0;0;0
"2021-11-07 19:25:00";0;0;0;0;0;0;0;0
"2021-11-07 19:30:00";0;0;0;0;0;0;64,52;0
"2021-11-07 19:35:00";0;0;0;0;0;0;69,17;0
"2021-11-07 19:40:00";0;0;0;0;0;0;0;0
"2021-11-07 19:45:00";0;0;0;0;0;0;0;0
"2021-11-07 19:50:00";0;0;0;0;0;0;0;0
"2021-11-07 19:55:00";0;0;0;0;0;0;0;0
"2021-11-07 20:00:00";0;0;0;0;0;0;0;0
"2021-11-07 20:05:00";0;0;0;0;0;0;0;0
"2021-11-07 20:10:00";0;0;0;0;0;0;0;0
"2021-11-07 20:15:00";0;0;0;0;0;0;0;0
"2021-11-07 20:20:00";0;0;0;0;0;0;0;0
"2021-11-07 20:25:00";0;0;0;0;0;0;0;0
"2021-11-07 20:30:00";0;0;0;0;0;0;0;0
"2021-11-07 20:35:00";0;0;0;0;0;0;0;0
"2021-11-07 20:40:00";0;0;0;0;0;0;0;0
"2021-11-07 20:45:00";0;0;0;0;0;0;0;0
"2021-11-07 20:50:00";0;0;0;0;0;0;0;0
"2021-11-07 20:55:00";0;0;0;0;0;0;44,79;0
"2021-11-07 21:00:00";0;0;0;0;0;0;46,16;0
"2021-11-07 21:05:00";0;0;0;0;0;0;26,02;0
"2021-11-07 21:10:00";0;0;0;0;0;0;18,42;0
"2021-11-07 21:15:00";0;0;0;0;0;0;10,41;0
"2021-11-07 21:20:00";0;0;0;0;0;0;4,97;0
"2021-11-07 21:25:00";0;0;0;0;0;0;0;0
"2021-11-07 21:30:00";0;0;0;0;0;0;0;0
"2021-11-07 21:35:00";0;0;0;0;0;0;0;0
"2021-11-07 21:40:00";0;0;0;0;0;0;0;0
"2021-11-07 21:45:00";0;0;0;0;0;0;0;0
"2021-11-07 21:50:00";0;0;0;0;0;0;0;0
"2021-11-07 21:55:00";0;0;0;0;0;0;0;0
"2021-11-07 22:00:00";0;0;0;0;0;0;0;0
"2021-11-07 22:05:00";0;0;0;0;0;0;0;0
"2021-11-07 22:10:00";0;6,98;0;0;0;0;0;0
"2021-11-07 22:15:00";0;14,38;0;0;0;0;0;0
"2021-11-07 22:20:00";0;14,94;0;0;0;0;0;0
"2021-11-07 22:25:00";0;15,15;0;0;0;0;0;0
"2021-11-07 22:30:00";0;14,87;0;0;0;0;0;0
"2021-11-07 22:35:00";0;15,79;0;0;0;0;0;0
"2021-11-07 22:40:00";0;15,81;0;0;0;0;0;0
"2021-11-07 22:45:00";0;13,55;0;0;0;0;0;0
"2021-11-07 22:50:00";0;6,23;0;0;0;0;0;0
"2021-11-07 22:55:00";0;0;0;0;0;0;0;0
"2021-11-07 23:00:00";0;0;0;0;0;0;0;0
"2021-11-07 23:05:00";0;0;0;0;0;0;0;0
"2021-11-07 23:10:00";0;0;0;0;0;0;0;0
"2021-11-07 23:15:00";0;0;0;0;0;0;0;0
"2021-11-07 23:20:00";0;0;0;0;0;0;0;0
"2021-11-07 23:25:00";0;0;0;0;0;0;0;0
"2021-11-07 23:30:00";0;0;0;0;0;0;0;0
"2021-11-07 23:35:00";0;0;0;0;0;0;0;0
"2021-11-07 23:40:00";0;0;0;0;0;0;0;0
"2021-11-07 23:45:00";0;0;0;0;0;0;0;0
"2021-11-07 23:50:00";0;0;0;0;0;0;0;0
"2021-11-07 23:55:00";0;0;0;0;0;0;0;0